zone,model,feature,mean_abs_shap,relative_pct,rank,source_id
Zone1,gbdt,BCORE_Pct,0.28700109107119626,35.191520883197505,1,Zone1_gbdt
Zone1,gbdt,BEDGE_Pct,0.1789475240189285,21.942200655071396,2,Zone1_gbdt
Zone1,gbdt,BuildHeight_Mean,0.09558466522497071,11.72040750724376,3,Zone1_gbdt
Zone1,gbdt,BBRDG_Pct,0.0659214204560886,8.0831575795473,4,Zone1_gbdt
Zone1,gbdt,GISLET_Pct,0.06396673122449653,7.84347735165343,5,Zone1_gbdt
Zone1,gbdt,G3_score,0.036897936392834035,4.524353877084025,6,Zone1_gbdt
Zone1,gbdt,B3_score,0.03539579472242893,4.340164159315778,7,Zone1_gbdt
Zone1,gbdt,GBRDG_Pct,0.013603178885189506,1.6679955885507862,8,Zone1_gbdt
Zone1,gbdt,B2_score,0.011826658855516379,1.4501621249555152,9,Zone1_gbdt
Zone1,gbdt,G2_score,0.010326510028832564,1.2662167658451853,10,Zone1_gbdt
Zone1,gbdt,CanopyHeight_Mean,0.008798520890249614,1.0788576813237905,11,Zone1_gbdt
Zone1,gbdt,GCORE_Pct,0.00428597916519423,0.5255385083517532,12,Zone1_gbdt
Zone1,gbdt,GEDGE_Pct,0.002503458983698864,0.3069693176992554,13,Zone1_gbdt
Zone1,gbdt,BISLET_Pct,0.0004809894534381893,0.058978000160524756,14,Zone1_gbdt
Zone2,gbdt,BCORE_Pct,0.5024447675377406,40.23149753814969,1,Zone2_gbdt
Zone2,gbdt,GCORE_Pct,0.15300510310523646,12.25134547438647,2,Zone2_gbdt
Zone2,gbdt,BEDGE_Pct,0.15009508184389705,12.018335757148753,3,Zone2_gbdt
Zone2,gbdt,GBRDG_Pct,0.11384235511401426,9.115526174053752,4,Zone2_gbdt
Zone2,gbdt,GEDGE_Pct,0.05937493237550994,4.754238873656306,5,Zone2_gbdt
Zone2,gbdt,G2_score,0.05628215134765432,4.506595310926074,6,Zone2_gbdt
Zone2,gbdt,CanopyHeight_Mean,0.050150515626591306,4.015626147040318,7,Zone2_gbdt
Zone2,gbdt,B2_score,0.04583731791722436,3.6702620110451813,8,Zone2_gbdt
Zone2,gbdt,B3_score,0.03390349826048781,2.714703376225374,9,Zone2_gbdt
Zone2,gbdt,BuildHeight_Mean,0.026805389986260128,2.1463473219678066,10,Zone2_gbdt
Zone2,gbdt,G3_score,0.020290866211630454,1.6247197439046221,11,Zone2_gbdt
Zone2,gbdt,BBRDG_Pct,0.018066436641994345,1.4466063699846112,12,Zone2_gbdt
Zone2,gbdt,GISLET_Pct,0.011270759755764968,0.9024664453950658,13,Zone2_gbdt
Zone2,gbdt,BISLET_Pct,0.007514903376691655,0.601729456115977,14,Zone2_gbdt
Zone3,gbdt,BuildHeight_Mean,0.20928749925426451,30.19350863032713,1,Zone3_gbdt
Zone3,gbdt,BCORE_Pct,0.09000952809515615,12.985503066530585,2,Zone3_gbdt
Zone3,gbdt,GISLET_Pct,0.06120571149309174,8.830031343376195,3,Zone3_gbdt
Zone3,gbdt,BEDGE_Pct,0.05532518260582591,7.981658648680094,4,Zone3_gbdt
Zone3,gbdt,G3_score,0.05156663281164507,7.439419833402162,5,Zone3_gbdt
Zone3,gbdt,B3_score,0.034170240620862345,4.929675488323936,6,Zone3_gbdt
Zone3,gbdt,CanopyHeight_Mean,0.03386711497928109,4.885944129748919,7,Zone3_gbdt
Zone3,gbdt,B2_score,0.030191455631873546,4.355663761243675,8,Zone3_gbdt
Zone3,gbdt,GCORE_Pct,0.028023591935563915,4.042910197571076,9,Zone3_gbdt
Zone3,gbdt,G2_score,0.025795759515028584,3.7215050603505566,10,Zone3_gbdt
Zone3,gbdt,GBRDG_Pct,0.025352307821810215,3.657529129757324,11,Zone3_gbdt
Zone3,gbdt,GEDGE_Pct,0.024904779422509845,3.592965060547553,12,Zone3_gbdt
Zone3,gbdt,BISLET_Pct,0.011948782719738617,1.7238281094468206,13,Zone3_gbdt
Zone3,gbdt,BBRDG_Pct,0.011505368192328901,1.659857540693967,14,Zone3_gbdt
Zone4,gbdt,CanopyHeight_Mean,0.1764263636063234,27.327175061397764,1,Zone4_gbdt
Zone4,gbdt,BuildHeight_Mean,0.12675879902968135,19.634026462088713,2,Zone4_gbdt
Zone4,gbdt,BBRDG_Pct,0.08095393690759624,12.539182696751686,3,Zone4_gbdt
Zone4,gbdt,B3_score,0.0656370613169269,10.166708809607137,4,Zone4_gbdt
Zone4,gbdt,G3_score,0.04372267353965661,6.772327726691952,5,Zone4_gbdt
Zone4,gbdt,BCORE_Pct,0.03829808345781903,5.932097730604312,6,Zone4_gbdt
Zone4,gbdt,GCORE_Pct,0.02882334561669389,4.464528970739012,7,Zone4_gbdt
Zone4,gbdt,G2_score,0.01801308995786162,2.7900981044623627,8,Zone4_gbdt
Zone4,gbdt,B2_score,0.016465760922989663,2.550427963621722,9,Zone4_gbdt
Zone4,gbdt,BISLET_Pct,0.016269892620650983,2.5200893720553763,10,Zone4_gbdt
Zone4,gbdt,GBRDG_Pct,0.011626594650012517,1.8008759058128372,11,Zone4_gbdt
Zone4,gbdt,BEDGE_Pct,0.009400341338401206,1.4560452765698602,12,Zone4_gbdt
Zone4,gbdt,GISLET_Pct,0.00819344989532702,1.2691064706520288,13,Zone4_gbdt
Zone4,gbdt,GEDGE_Pct,0.005018370144961037,0.7773094489452317,14,Zone4_gbdt
Zone1,rf,BCORE_Pct,0.21168111967889908,23.535155714897968,1,Zone1_rf
Zone1,rf,BEDGE_Pct,0.19878565812478108,22.101410956971403,2,Zone1_rf
Zone1,rf,BuildHeight_Mean,0.08978441937859459,9.982422117061224,3,Zone1_rf
Zone1,rf,G2_score,0.07790911348838482,8.662100428891357,4,Zone1_rf
Zone1,rf,G3_score,0.07596320294175193,8.44574996838861,5,Zone1_rf
Zone1,rf,BBRDG_Pct,0.07396717678134619,8.223827547686097,6,Zone1_rf
Zone1,rf,B3_score,0.0436998111044138,4.858637655611985,7,Zone1_rf
Zone1,rf,GISLET_Pct,0.029853286366891375,3.3191516764084197,8,Zone1_rf
Zone1,rf,GBRDG_Pct,0.029296877417806576,3.2572889496912816,9,Zone1_rf
Zone1,rf,B2_score,0.026070220211912565,2.898542360035544,10,Zone1_rf
Zone1,rf,GEDGE_Pct,0.01882603370274745,2.0931183440458963,11,Zone1_rf
Zone1,rf,CanopyHeight_Mean,0.014390334880573553,1.5999479439525406,12,Zone1_rf
Zone1,rf,GCORE_Pct,0.007619702244941699,0.847174651701999,13,Zone1_rf
Zone1,rf,BISLET_Pct,0.0015782365381309946,0.17547168465566784,14,Zone1_rf
Zone2,rf,BCORE_Pct,0.2834108222372507,24.69714562486668,1,Zone2_rf
Zone2,rf,GCORE_Pct,0.1638886003013361,14.281672788448882,2,Zone2_rf
Zone2,rf,GEDGE_Pct,0.1318999594537412,11.494100616299235,3,Zone2_rf
Zone2,rf,B2_score,0.1016796440001243,8.860624852404126,4,Zone2_rf
Zone2,rf,BEDGE_Pct,0.0882199458137574,7.687712246063416,5,Zone2_rf
Zone2,rf,GBRDG_Pct,0.08669863602578137,7.55514141098526,6,Zone2_rf
Zone2,rf,BISLET_Pct,0.047334839190684104,4.124879238532893,7,Zone2_rf
Zone2,rf,BBRDG_Pct,0.046607723607969324,4.06151652256228,8,Zone2_rf
Zone2,rf,G3_score,0.04609806022438345,4.017103148701964,9,Zone2_rf
Zone2,rf,G2_score,0.04329785286967537,3.7730859009726068,10,Zone2_rf
Zone2,rf,BuildHeight_Mean,0.030907428836856,2.6933525856505103,11,Zone2_rf
Zone2,rf,CanopyHeight_Mean,0.029935513535235807,2.608657394585943,12,Zone2_rf
Zone2,rf,GISLET_Pct,0.025642275934981976,2.234533663605547,13,Zone2_rf
Zone2,rf,B3_score,0.021923546033152354,1.9104740063206571,14,Zone2_rf
Zone3,rf,BuildHeight_Mean,0.18210780087406458,25.464342164669617,1,Zone3_rf
Zone3,rf,BCORE_Pct,0.07459655747409429,10.430921985271802,2,Zone3_rf
Zone3,rf,GISLET_Pct,0.07171327608566495,10.027749449666027,3,Zone3_rf
Zone3,rf,G3_score,0.05644386364496592,7.892610036762386,4,Zone3_rf
Zone3,rf,BEDGE_Pct,0.048602188689223245,6.796099655226115,5,Zone3_rf
Zone3,rf,B2_score,0.04751990546494885,6.644762753623181,6,Zone3_rf
Zone3,rf,B3_score,0.042365206460001296,5.923975293734852,7,Zone3_rf
Zone3,rf,G2_score,0.04009651441467807,5.606741489191103,8,Zone3_rf
Zone3,rf,GEDGE_Pct,0.03454741722093791,4.830804879291974,9,Zone3_rf
Zone3,rf,GCORE_Pct,0.031134732899335427,4.353605325795717,10,Zone3_rf
Zone3,rf,GBRDG_Pct,0.030206468113518417,4.22380499867077,11,Zone3_rf
Zone3,rf,CanopyHeight_Mean,0.025265379985559496,3.532886992126153,12,Zone3_rf
Zone3,rf,BBRDG_Pct,0.016024807952411957,2.2407672316329204,13,Zone3_rf
Zone3,rf,BISLET_Pct,0.014524144502289503,2.030927744337381,14,Zone3_rf
Zone4,rf,CanopyHeight_Mean,0.1857969472483469,23.146466971121033,1,Zone4_rf
Zone4,rf,BuildHeight_Mean,0.1506702839041197,18.77040931816045,2,Zone4_rf
Zone4,rf,BBRDG_Pct,0.09414238365946917,11.728199016337152,3,Zone4_rf
Zone4,rf,B3_score,0.06826401756646497,8.504288425181679,4,Zone4_rf
Zone4,rf,G3_score,0.053071716302747776,6.611641077505308,5,Zone4_rf
Zone4,rf,GCORE_Pct,0.042963727501002344,5.3523941823917305,6,Zone4_rf
Zone4,rf,BCORE_Pct,0.03899886637750608,4.858454274340283,7,Zone4_rf
Zone4,rf,B2_score,0.03621337436187215,4.511439428870233,8,Zone4_rf
Zone4,rf,GEDGE_Pct,0.028586575112800792,3.5612975695530498,9,Zone4_rf
Zone4,rf,G2_score,0.02636772108377949,3.284874128494939,10,Zone4_rf
Zone4,rf,BISLET_Pct,0.024811346751841466,3.0909819919317285,11,Zone4_rf
Zone4,rf,GBRDG_Pct,0.019985791673880662,2.4898173717184173,12,Zone4_rf
Zone4,rf,BEDGE_Pct,0.019705814813991654,2.454938030394058,13,Zone4_rf
Zone4,rf,GISLET_Pct,0.013122543406179733,1.6347982139999546,14,Zone4_rf
Zone1,gwrf,BuildHeight_Mean,0.13444430779593963,18.165314546410016,1,Zone1_gwrf
Zone1,gwrf,BCORE_Pct,0.10674727226058486,14.423055980383836,2,Zone1_gwrf
Zone1,gwrf,BEDGE_Pct,0.09538889946030323,12.88838026197655,3,Zone1_gwrf
Zone1,gwrf,B2_score,0.06481379332378082,8.757253928961399,4,Zone1_gwrf
Zone1,gwrf,G2_score,0.0614359752160816,8.30086325379762,5,Zone1_gwrf
Zone1,gwrf,B3_score,0.05841469921369454,7.89264642547208,6,Zone1_gwrf
Zone1,gwrf,CanopyHeight_Mean,0.05399597504972727,7.295614720313402,7,Zone1_gwrf
Zone1,gwrf,G3_score,0.0451214676320312,6.096544106393615,8,Zone1_gwrf
Zone1,gwrf,BBRDG_Pct,0.03673570958929074,4.963510398580003,9,Zone1_gwrf
Zone1,gwrf,GEDGE_Pct,0.02521561476818749,3.4069837634216373,10,Zone1_gwrf
Zone1,gwrf,GISLET_Pct,0.02258344344231156,3.0513404427155644,11,Zone1_gwrf
Zone1,gwrf,GBRDG_Pct,0.020060509401072808,2.710456613639601,12,Zone1_gwrf
Zone1,gwrf,GCORE_Pct,0.009742488655842462,1.3163470718806773,13,Zone1_gwrf
Zone1,gwrf,BISLET_Pct,0.0054153398653496365,0.7316884860540055,14,Zone1_gwrf
Zone2,gwrf,BCORE_Pct,0.14989235083137348,17.15017193431892,1,Zone2_gwrf
Zone2,gwrf,GCORE_Pct,0.08914872153832336,10.200092890843857,2,Zone2_gwrf
Zone2,gwrf,GEDGE_Pct,0.0781876240177288,8.945961469030923,3,Zone2_gwrf
Zone2,gwrf,B2_score,0.07547026952995467,8.635051029549944,4,Zone2_gwrf
Zone2,gwrf,BEDGE_Pct,0.07258217096399806,8.304604634555862,5,Zone2_gwrf
Zone2,gwrf,BuildHeight_Mean,0.061476420428300746,7.033922507746507,6,Zone2_gwrf
Zone2,gwrf,B3_score,0.05143995038544872,5.885583810715905,7,Zone2_gwrf
Zone2,gwrf,G2_score,0.050828523976127186,5.815626484762399,8,Zone2_gwrf
Zone2,gwrf,G3_score,0.04932068362479549,5.643104530630569,9,Zone2_gwrf
Zone2,gwrf,GBRDG_Pct,0.04632694157224693,5.300570767943979,10,Zone2_gwrf
Zone2,gwrf,GISLET_Pct,0.03996140204766997,4.572247429923801,11,Zone2_gwrf
Zone2,gwrf,BISLET_Pct,0.037558278774787034,4.297290255119927,12,Zone2_gwrf
Zone2,gwrf,CanopyHeight_Mean,0.03710269702971011,4.2451641445154165,13,Zone2_gwrf
Zone2,gwrf,BBRDG_Pct,0.03470307972238486,3.970608110341979,14,Zone2_gwrf
Zone3,gwrf,BuildHeight_Mean,0.0864353751741637,13.590213083225077,1,Zone3_gwrf
Zone3,gwrf,GISLET_Pct,0.07111369037988587,11.181188297612929,2,Zone3_gwrf
Zone3,gwrf,BCORE_Pct,0.061852905425945334,9.725117324491313,3,Zone3_gwrf
Zone3,gwrf,GEDGE_Pct,0.0539606286439995,8.484216559471044,4,Zone3_gwrf
Zone3,gwrf,G2_score,0.044284223885298214,6.962797785209837,5,Zone3_gwrf
Zone3,gwrf,B2_score,0.042788716933440725,6.727659589740272,6,Zone3_gwrf
Zone3,gwrf,BEDGE_Pct,0.04084697314978144,6.422359685392251,7,Zone3_gwrf
Zone3,gwrf,GCORE_Pct,0.040584173320756145,6.381039731987845,8,Zone3_gwrf
Zone3,gwrf,BBRDG_Pct,0.03939633333392548,6.19427593883861,9,Zone3_gwrf
Zone3,gwrf,B3_score,0.03870896006738473,6.086200406787312,10,Zone3_gwrf
Zone3,gwrf,GBRDG_Pct,0.03851706907430842,6.056029432468013,11,Zone3_gwrf
Zone3,gwrf,G3_score,0.03702060558293176,5.8207408405217524,12,Zone3_gwrf
Zone3,gwrf,CanopyHeight_Mean,0.021642957072081474,3.4029168933207705,13,Zone3_gwrf
Zone3,gwrf,BISLET_Pct,0.018859308040368734,2.965244430932973,14,Zone3_gwrf
Zone4,gwrf,GCORE_Pct,0.05629145280937718,11.148418130419595,1,Zone4_gwrf
Zone4,gwrf,GBRDG_Pct,0.04491205186982302,8.894748818003015,2,Zone4_gwrf
Zone4,gwrf,B2_score,0.04351896662636681,8.61885086173673,3,Zone4_gwrf
Zone4,gwrf,BuildHeight_Mean,0.04168208579799669,8.255060010579122,4,Zone4_gwrf
Zone4,gwrf,BEDGE_Pct,0.040700945687144524,8.060747026024492,5,Zone4_gwrf
Zone4,gwrf,CanopyHeight_Mean,0.039233315875025015,7.770085655787982,6,Zone4_gwrf
Zone4,gwrf,G2_score,0.037737953363467476,7.473931875713208,7,Zone4_gwrf
Zone4,gwrf,G3_score,0.03540896141816,7.012679327895828,8,Zone4_gwrf
Zone4,gwrf,B3_score,0.03536552123061712,7.004076079085891,9,Zone4_gwrf
Zone4,gwrf,GEDGE_Pct,0.03346265243885856,6.627216433809213,10,Zone4_gwrf
Zone4,gwrf,BCORE_Pct,0.03045465491552851,6.031488086933721,11,Zone4_gwrf
Zone4,gwrf,BISLET_Pct,0.029992985559349074,5.940055324696813,12,Zone4_gwrf
Zone4,gwrf,BBRDG_Pct,0.027053810249762042,5.357957089981804,13,Zone4_gwrf
Zone4,gwrf,GISLET_Pct,0.00911235612522769,1.8046852793325945,14,Zone4_gwrf
