zone,zone_label,feature_a,feature_b,seed,condition,feature_a_value,predicted_pwp_mean,n_condition,b_lower_quartile_cut,b_upper_quartile_cut
Zone3,Open low-rise,BuildHeight_Mean,G3_score,42,B <= Q1 threshold,7.630184206668961,32.05910338606642,165,0.299286517758947,0.4260929495091126
Zone3,Open low-rise,BuildHeight_Mean,G3_score,42,B <= Q1 threshold,7.790173163508394,32.04217698095416,165,0.299286517758947,0.4260929495091126
Zone3,Open low-rise,BuildHeight_Mean,G3_score,42,B <= Q1 threshold,7.913928839425506,32.049619501380896,165,0.299286517758947,0.4260929495091126
Zone3,Open low-rise,BuildHeight_Mean,G3_score,42,B <= Q1 threshold,8.01802036576895,32.05850946732806,165,0.299286517758947,0.4260929495091126
Zone3,Open low-rise,BuildHeight_Mean,G3_score,42,B <= Q1 threshold,8.128848738073062,32.06833333385247,165,0.299286517758947,0.4260929495091126
Zone3,Open low-rise,BuildHeight_Mean,G3_score,42,B <= Q1 threshold,8.243606123116646,32.08120693247681,165,0.299286517758947,0.4260929495091126
Zone3,Open low-rise,BuildHeight_Mean,G3_score,42,B <= Q1 threshold,8.381110891793227,32.1488150243324,165,0.299286517758947,0.4260929495091126
Zone3,Open low-rise,BuildHeight_Mean,G3_score,42,B <= Q1 threshold,8.448936644136735,32.14539611021133,165,0.299286517758947,0.4260929495091126
Zone3,Open low-rise,BuildHeight_Mean,G3_score,42,B <= Q1 threshold,8.561662141143968,32.13999160437572,165,0.299286517758947,0.4260929495091126
Zone3,Open low-rise,BuildHeight_Mean,G3_score,42,B <= Q1 threshold,8.682291936563322,32.14121270144004,165,0.299286517758947,0.4260929495091126
Zone3,Open low-rise,BuildHeight_Mean,G3_score,42,B <= Q1 threshold,8.76733584088053,32.16329897375477,165,0.299286517758947,0.4260929495091126
Zone3,Open low-rise,BuildHeight_Mean,G3_score,42,B <= Q1 threshold,8.848868124355805,32.32630019771806,165,0.299286517758947,0.4260929495091126
Zone3,Open low-rise,BuildHeight_Mean,G3_score,42,B <= Q1 threshold,8.961315018928474,32.337478953894035,165,0.299286517758947,0.4260929495091126
Zone3,Open low-rise,BuildHeight_Mean,G3_score,42,B <= Q1 threshold,9.05256871123082,32.3404171038821,165,0.299286517758947,0.4260929495091126
Zone3,Open low-rise,BuildHeight_Mean,G3_score,42,B <= Q1 threshold,9.192529299977144,32.344725227543115,165,0.299286517758947,0.4260929495091126
Zone3,Open low-rise,BuildHeight_Mean,G3_score,42,B <= Q1 threshold,9.291949423610758,32.38343807544851,165,0.299286517758947,0.4260929495091126
Zone3,Open low-rise,BuildHeight_Mean,G3_score,42,B <= Q1 threshold,9.443762607848296,32.450686325880454,165,0.299286517758947,0.4260929495091126
Zone3,Open low-rise,BuildHeight_Mean,G3_score,42,B <= Q1 threshold,9.543606271239595,32.443417156026335,165,0.299286517758947,0.4260929495091126
Zone3,Open low-rise,BuildHeight_Mean,G3_score,42,B <= Q1 threshold,9.649299760433044,32.450244488768455,165,0.299286517758947,0.4260929495091126
Zone3,Open low-rise,BuildHeight_Mean,G3_score,42,B <= Q1 threshold,9.771208342138648,32.453149495182195,165,0.299286517758947,0.4260929495091126
Zone3,Open low-rise,BuildHeight_Mean,G3_score,42,B <= Q1 threshold,9.892646883129068,32.464433280403114,165,0.299286517758947,0.4260929495091126
Zone3,Open low-rise,BuildHeight_Mean,G3_score,42,B <= Q1 threshold,10.04677904349928,32.4782637078803,165,0.299286517758947,0.4260929495091126
Zone3,Open low-rise,BuildHeight_Mean,G3_score,42,B <= Q1 threshold,10.21187205504004,32.48439478320694,165,0.299286517758947,0.4260929495091126
Zone3,Open low-rise,BuildHeight_Mean,G3_score,42,B <= Q1 threshold,10.414489728336136,32.51110462027433,165,0.299286517758947,0.4260929495091126
Zone3,Open low-rise,BuildHeight_Mean,G3_score,42,B <= Q1 threshold,10.52948836708649,32.50656169218854,165,0.299286517758947,0.4260929495091126
Zone3,Open low-rise,BuildHeight_Mean,G3_score,42,B >= Q3 threshold,7.630184206668961,31.769608057960475,165,0.299286517758947,0.4260929495091126
Zone3,Open low-rise,BuildHeight_Mean,G3_score,42,B >= Q3 threshold,7.790173163508394,31.757671566045946,165,0.299286517758947,0.4260929495091126
Zone3,Open low-rise,BuildHeight_Mean,G3_score,42,B >= Q3 threshold,7.913928839425506,31.761012962060263,165,0.299286517758947,0.4260929495091126
Zone3,Open low-rise,BuildHeight_Mean,G3_score,42,B >= Q3 threshold,8.01802036576895,31.767865913899108,165,0.299286517758947,0.4260929495091126
Zone3,Open low-rise,BuildHeight_Mean,G3_score,42,B >= Q3 threshold,8.128848738073062,31.781459403066634,165,0.299286517758947,0.4260929495091126
Zone3,Open low-rise,BuildHeight_Mean,G3_score,42,B >= Q3 threshold,8.243606123116646,31.793520042145097,165,0.299286517758947,0.4260929495091126
Zone3,Open low-rise,BuildHeight_Mean,G3_score,42,B >= Q3 threshold,8.381110891793227,31.859413841232247,165,0.299286517758947,0.4260929495091126
Zone3,Open low-rise,BuildHeight_Mean,G3_score,42,B >= Q3 threshold,8.448936644136735,31.855619550404576,165,0.299286517758947,0.4260929495091126
Zone3,Open low-rise,BuildHeight_Mean,G3_score,42,B >= Q3 threshold,8.561662141143968,31.85522357651141,165,0.299286517758947,0.4260929495091126
Zone3,Open low-rise,BuildHeight_Mean,G3_score,42,B >= Q3 threshold,8.682291936563322,31.86591817854461,165,0.299286517758947,0.4260929495091126
Zone3,Open low-rise,BuildHeight_Mean,G3_score,42,B >= Q3 threshold,8.76733584088053,31.881629273798904,165,0.299286517758947,0.4260929495091126
Zone3,Open low-rise,BuildHeight_Mean,G3_score,42,B >= Q3 threshold,8.848868124355805,32.032679167735154,165,0.299286517758947,0.4260929495091126
Zone3,Open low-rise,BuildHeight_Mean,G3_score,42,B >= Q3 threshold,8.961315018928474,32.048983843583066,165,0.299286517758947,0.4260929495091126
Zone3,Open low-rise,BuildHeight_Mean,G3_score,42,B >= Q3 threshold,9.05256871123082,32.05059959005766,165,0.299286517758947,0.4260929495091126
Zone3,Open low-rise,BuildHeight_Mean,G3_score,42,B >= Q3 threshold,9.192529299977144,32.06215405347517,165,0.299286517758947,0.4260929495091126
Zone3,Open low-rise,BuildHeight_Mean,G3_score,42,B >= Q3 threshold,9.291949423610758,32.14878270204323,165,0.299286517758947,0.4260929495091126
Zone3,Open low-rise,BuildHeight_Mean,G3_score,42,B >= Q3 threshold,9.443762607848296,32.24768262479655,165,0.299286517758947,0.4260929495091126
Zone3,Open low-rise,BuildHeight_Mean,G3_score,42,B >= Q3 threshold,9.543606271239595,32.236622681701874,165,0.299286517758947,0.4260929495091126
Zone3,Open low-rise,BuildHeight_Mean,G3_score,42,B >= Q3 threshold,9.649299760433044,32.240592815806245,165,0.299286517758947,0.4260929495091126
Zone3,Open low-rise,BuildHeight_Mean,G3_score,42,B >= Q3 threshold,9.771208342138648,32.24050616325246,165,0.299286517758947,0.4260929495091126
Zone3,Open low-rise,BuildHeight_Mean,G3_score,42,B >= Q3 threshold,9.892646883129068,32.257519830020755,165,0.299286517758947,0.4260929495091126
Zone3,Open low-rise,BuildHeight_Mean,G3_score,42,B >= Q3 threshold,10.04677904349928,32.26242240350125,165,0.299286517758947,0.4260929495091126
Zone3,Open low-rise,BuildHeight_Mean,G3_score,42,B >= Q3 threshold,10.21187205504004,32.27453429273139,165,0.299286517758947,0.4260929495091126
Zone3,Open low-rise,BuildHeight_Mean,G3_score,42,B >= Q3 threshold,10.414489728336136,32.322814950601035,165,0.299286517758947,0.4260929495091126
Zone3,Open low-rise,BuildHeight_Mean,G3_score,42,B >= Q3 threshold,10.52948836708649,32.32764754293595,165,0.299286517758947,0.4260929495091126
Zone3,Open low-rise,BuildHeight_Mean,G3_score,142,B <= Q1 threshold,7.630184206668961,32.047678846576574,165,0.299286517758947,0.4260929495091126
Zone3,Open low-rise,BuildHeight_Mean,G3_score,142,B <= Q1 threshold,7.790173163508394,32.04792676805331,165,0.299286517758947,0.4260929495091126
Zone3,Open low-rise,BuildHeight_Mean,G3_score,142,B <= Q1 threshold,7.913928839425506,32.050119626166435,165,0.299286517758947,0.4260929495091126
Zone3,Open low-rise,BuildHeight_Mean,G3_score,142,B <= Q1 threshold,8.01802036576895,32.050119626166435,165,0.299286517758947,0.4260929495091126
Zone3,Open low-rise,BuildHeight_Mean,G3_score,142,B <= Q1 threshold,8.128848738073062,32.05011779883602,165,0.299286517758947,0.4260929495091126
Zone3,Open low-rise,BuildHeight_Mean,G3_score,142,B <= Q1 threshold,8.243606123116646,32.070572693937024,165,0.299286517758947,0.4260929495091126
Zone3,Open low-rise,BuildHeight_Mean,G3_score,142,B <= Q1 threshold,8.381110891793227,32.13085856855467,165,0.299286517758947,0.4260929495091126
Zone3,Open low-rise,BuildHeight_Mean,G3_score,142,B <= Q1 threshold,8.448936644136735,32.13278947945096,165,0.299286517758947,0.4260929495091126
Zone3,Open low-rise,BuildHeight_Mean,G3_score,142,B <= Q1 threshold,8.561662141143968,32.13278947945096,165,0.299286517758947,0.4260929495091126
Zone3,Open low-rise,BuildHeight_Mean,G3_score,142,B <= Q1 threshold,8.682291936563322,32.153083619368374,165,0.299286517758947,0.4260929495091126
Zone3,Open low-rise,BuildHeight_Mean,G3_score,142,B <= Q1 threshold,8.76733584088053,32.18339428271649,165,0.299286517758947,0.4260929495091126
Zone3,Open low-rise,BuildHeight_Mean,G3_score,142,B <= Q1 threshold,8.848868124355805,32.29206668157101,165,0.299286517758947,0.4260929495091126
Zone3,Open low-rise,BuildHeight_Mean,G3_score,142,B <= Q1 threshold,8.961315018928474,32.30872896307387,165,0.299286517758947,0.4260929495091126
Zone3,Open low-rise,BuildHeight_Mean,G3_score,142,B <= Q1 threshold,9.05256871123082,32.31010136750812,165,0.299286517758947,0.4260929495091126
Zone3,Open low-rise,BuildHeight_Mean,G3_score,142,B <= Q1 threshold,9.192529299977144,32.323575016184435,165,0.299286517758947,0.4260929495091126
Zone3,Open low-rise,BuildHeight_Mean,G3_score,142,B <= Q1 threshold,9.291949423610758,32.3849563425988,165,0.299286517758947,0.4260929495091126
Zone3,Open low-rise,BuildHeight_Mean,G3_score,142,B <= Q1 threshold,9.443762607848296,32.429936120765014,165,0.299286517758947,0.4260929495091126
Zone3,Open low-rise,BuildHeight_Mean,G3_score,142,B <= Q1 threshold,9.543606271239595,32.431864784339844,165,0.299286517758947,0.4260929495091126
Zone3,Open low-rise,BuildHeight_Mean,G3_score,142,B <= Q1 threshold,9.649299760433044,32.44125803992266,165,0.299286517758947,0.4260929495091126
Zone3,Open low-rise,BuildHeight_Mean,G3_score,142,B <= Q1 threshold,9.771208342138648,32.443250763096394,165,0.299286517758947,0.4260929495091126
Zone3,Open low-rise,BuildHeight_Mean,G3_score,142,B <= Q1 threshold,9.892646883129068,32.45273101817651,165,0.299286517758947,0.4260929495091126
Zone3,Open low-rise,BuildHeight_Mean,G3_score,142,B <= Q1 threshold,10.04677904349928,32.462153231212426,165,0.299286517758947,0.4260929495091126
Zone3,Open low-rise,BuildHeight_Mean,G3_score,142,B <= Q1 threshold,10.21187205504004,32.466180233906535,165,0.299286517758947,0.4260929495091126
Zone3,Open low-rise,BuildHeight_Mean,G3_score,142,B <= Q1 threshold,10.414489728336136,32.49368275829034,165,0.299286517758947,0.4260929495091126
Zone3,Open low-rise,BuildHeight_Mean,G3_score,142,B <= Q1 threshold,10.52948836708649,32.49192523153585,165,0.299286517758947,0.4260929495091126
Zone3,Open low-rise,BuildHeight_Mean,G3_score,142,B >= Q3 threshold,7.630184206668961,31.791696887780773,165,0.299286517758947,0.4260929495091126
Zone3,Open low-rise,BuildHeight_Mean,G3_score,142,B >= Q3 threshold,7.790173163508394,31.792291899324944,165,0.299286517758947,0.4260929495091126
Zone3,Open low-rise,BuildHeight_Mean,G3_score,142,B >= Q3 threshold,7.913928839425506,31.794048230826075,165,0.299286517758947,0.4260929495091126
Zone3,Open low-rise,BuildHeight_Mean,G3_score,142,B >= Q3 threshold,8.01802036576895,31.794048230826075,165,0.299286517758947,0.4260929495091126
Zone3,Open low-rise,BuildHeight_Mean,G3_score,142,B >= Q3 threshold,8.128848738073062,31.79623581244253,165,0.299286517758947,0.4260929495091126
Zone3,Open low-rise,BuildHeight_Mean,G3_score,142,B >= Q3 threshold,8.243606123116646,31.81041032511487,165,0.299286517758947,0.4260929495091126
Zone3,Open low-rise,BuildHeight_Mean,G3_score,142,B >= Q3 threshold,8.381110891793227,31.869902861386624,165,0.299286517758947,0.4260929495091126
Zone3,Open low-rise,BuildHeight_Mean,G3_score,142,B >= Q3 threshold,8.448936644136735,31.872357334507157,165,0.299286517758947,0.4260929495091126
Zone3,Open low-rise,BuildHeight_Mean,G3_score,142,B >= Q3 threshold,8.561662141143968,31.872357334507157,165,0.299286517758947,0.4260929495091126
Zone3,Open low-rise,BuildHeight_Mean,G3_score,142,B >= Q3 threshold,8.682291936563322,31.896183098010145,165,0.299286517758947,0.4260929495091126
Zone3,Open low-rise,BuildHeight_Mean,G3_score,142,B >= Q3 threshold,8.76733584088053,31.925102622500283,165,0.299286517758947,0.4260929495091126
Zone3,Open low-rise,BuildHeight_Mean,G3_score,142,B >= Q3 threshold,8.848868124355805,32.04637173240798,165,0.299286517758947,0.4260929495091126
Zone3,Open low-rise,BuildHeight_Mean,G3_score,142,B >= Q3 threshold,8.961315018928474,32.07835141254618,165,0.299286517758947,0.4260929495091126
Zone3,Open low-rise,BuildHeight_Mean,G3_score,142,B >= Q3 threshold,9.05256871123082,32.080069917796806,165,0.299286517758947,0.4260929495091126
Zone3,Open low-rise,BuildHeight_Mean,G3_score,142,B >= Q3 threshold,9.192529299977144,32.105193971848664,165,0.299286517758947,0.4260929495091126
Zone3,Open low-rise,BuildHeight_Mean,G3_score,142,B >= Q3 threshold,9.291949423610758,32.20582975580184,165,0.299286517758947,0.4260929495091126
Zone3,Open low-rise,BuildHeight_Mean,G3_score,142,B >= Q3 threshold,9.443762607848296,32.27519628172865,165,0.299286517758947,0.4260929495091126
Zone3,Open low-rise,BuildHeight_Mean,G3_score,142,B >= Q3 threshold,9.543606271239595,32.27803225559189,165,0.299286517758947,0.4260929495091126
Zone3,Open low-rise,BuildHeight_Mean,G3_score,142,B >= Q3 threshold,9.649299760433044,32.285802248020275,165,0.299286517758947,0.4260929495091126
Zone3,Open low-rise,BuildHeight_Mean,G3_score,142,B >= Q3 threshold,9.771208342138648,32.287439530829964,165,0.299286517758947,0.4260929495091126
Zone3,Open low-rise,BuildHeight_Mean,G3_score,142,B >= Q3 threshold,9.892646883129068,32.29682608034237,165,0.299286517758947,0.4260929495091126
Zone3,Open low-rise,BuildHeight_Mean,G3_score,142,B >= Q3 threshold,10.04677904349928,32.30660857429623,165,0.299286517758947,0.4260929495091126
Zone3,Open low-rise,BuildHeight_Mean,G3_score,142,B >= Q3 threshold,10.21187205504004,32.31205204098929,165,0.299286517758947,0.4260929495091126
Zone3,Open low-rise,BuildHeight_Mean,G3_score,142,B >= Q3 threshold,10.414489728336136,32.35923197507261,165,0.299286517758947,0.4260929495091126
Zone3,Open low-rise,BuildHeight_Mean,G3_score,142,B >= Q3 threshold,10.52948836708649,32.35758906962819,165,0.299286517758947,0.4260929495091126
Zone3,Open low-rise,BuildHeight_Mean,G3_score,242,B <= Q1 threshold,7.630184206668961,32.05241274043172,165,0.299286517758947,0.4260929495091126
Zone3,Open low-rise,BuildHeight_Mean,G3_score,242,B <= Q1 threshold,7.790173163508394,32.05241274043172,165,0.299286517758947,0.4260929495091126
Zone3,Open low-rise,BuildHeight_Mean,G3_score,242,B <= Q1 threshold,7.913928839425506,32.05415380961882,165,0.299286517758947,0.4260929495091126
Zone3,Open low-rise,BuildHeight_Mean,G3_score,242,B <= Q1 threshold,8.01802036576895,32.05415380961882,165,0.299286517758947,0.4260929495091126
Zone3,Open low-rise,BuildHeight_Mean,G3_score,242,B <= Q1 threshold,8.128848738073062,32.056262300479446,165,0.299286517758947,0.4260929495091126
Zone3,Open low-rise,BuildHeight_Mean,G3_score,242,B <= Q1 threshold,8.243606123116646,32.07981777385699,165,0.299286517758947,0.4260929495091126
Zone3,Open low-rise,BuildHeight_Mean,G3_score,242,B <= Q1 threshold,8.381110891793227,32.129426655089446,165,0.299286517758947,0.4260929495091126
Zone3,Open low-rise,BuildHeight_Mean,G3_score,242,B <= Q1 threshold,8.448936644136735,32.133853361912465,165,0.299286517758947,0.4260929495091126
Zone3,Open low-rise,BuildHeight_Mean,G3_score,242,B <= Q1 threshold,8.561662141143968,32.133853361912465,165,0.299286517758947,0.4260929495091126
Zone3,Open low-rise,BuildHeight_Mean,G3_score,242,B <= Q1 threshold,8.682291936563322,32.145984985102494,165,0.299286517758947,0.4260929495091126
Zone3,Open low-rise,BuildHeight_Mean,G3_score,242,B <= Q1 threshold,8.76733584088053,32.17351162245311,165,0.299286517758947,0.4260929495091126
Zone3,Open low-rise,BuildHeight_Mean,G3_score,242,B <= Q1 threshold,8.848868124355805,32.299959334307246,165,0.299286517758947,0.4260929495091126
Zone3,Open low-rise,BuildHeight_Mean,G3_score,242,B <= Q1 threshold,8.961315018928474,32.31215683546459,165,0.299286517758947,0.4260929495091126
Zone3,Open low-rise,BuildHeight_Mean,G3_score,242,B <= Q1 threshold,9.05256871123082,32.31282388531702,165,0.299286517758947,0.4260929495091126
Zone3,Open low-rise,BuildHeight_Mean,G3_score,242,B <= Q1 threshold,9.192529299977144,32.334543829919966,165,0.299286517758947,0.4260929495091126
Zone3,Open low-rise,BuildHeight_Mean,G3_score,242,B <= Q1 threshold,9.291949423610758,32.389345218896494,165,0.299286517758947,0.4260929495091126
Zone3,Open low-rise,BuildHeight_Mean,G3_score,242,B <= Q1 threshold,9.443762607848296,32.44240361842344,165,0.299286517758947,0.4260929495091126
Zone3,Open low-rise,BuildHeight_Mean,G3_score,242,B <= Q1 threshold,9.543606271239595,32.44699316007811,165,0.299286517758947,0.4260929495091126
Zone3,Open low-rise,BuildHeight_Mean,G3_score,242,B <= Q1 threshold,9.649299760433044,32.45255446371782,165,0.299286517758947,0.4260929495091126
Zone3,Open low-rise,BuildHeight_Mean,G3_score,242,B <= Q1 threshold,9.771208342138648,32.45255446371782,165,0.299286517758947,0.4260929495091126
Zone3,Open low-rise,BuildHeight_Mean,G3_score,242,B <= Q1 threshold,9.892646883129068,32.4630125412336,165,0.299286517758947,0.4260929495091126
Zone3,Open low-rise,BuildHeight_Mean,G3_score,242,B <= Q1 threshold,10.04677904349928,32.4648417827963,165,0.299286517758947,0.4260929495091126
Zone3,Open low-rise,BuildHeight_Mean,G3_score,242,B <= Q1 threshold,10.21187205504004,32.469856226499125,165,0.299286517758947,0.4260929495091126
Zone3,Open low-rise,BuildHeight_Mean,G3_score,242,B <= Q1 threshold,10.414489728336136,32.50960214675895,165,0.299286517758947,0.4260929495091126
Zone3,Open low-rise,BuildHeight_Mean,G3_score,242,B <= Q1 threshold,10.52948836708649,32.500610240381945,165,0.299286517758947,0.4260929495091126
Zone3,Open low-rise,BuildHeight_Mean,G3_score,242,B >= Q3 threshold,7.630184206668961,31.792871408797378,165,0.299286517758947,0.4260929495091126
Zone3,Open low-rise,BuildHeight_Mean,G3_score,242,B >= Q3 threshold,7.790173163508394,31.792871408797378,165,0.299286517758947,0.4260929495091126
Zone3,Open low-rise,BuildHeight_Mean,G3_score,242,B >= Q3 threshold,7.913928839425506,31.793366586322826,165,0.299286517758947,0.4260929495091126
Zone3,Open low-rise,BuildHeight_Mean,G3_score,242,B >= Q3 threshold,8.01802036576895,31.793366586322826,165,0.299286517758947,0.4260929495091126
Zone3,Open low-rise,BuildHeight_Mean,G3_score,242,B >= Q3 threshold,8.128848738073062,31.79893657322908,165,0.299286517758947,0.4260929495091126
Zone3,Open low-rise,BuildHeight_Mean,G3_score,242,B >= Q3 threshold,8.243606123116646,31.816245353424335,165,0.299286517758947,0.4260929495091126
Zone3,Open low-rise,BuildHeight_Mean,G3_score,242,B >= Q3 threshold,8.381110891793227,31.864822450877632,165,0.299286517758947,0.4260929495091126
Zone3,Open low-rise,BuildHeight_Mean,G3_score,242,B >= Q3 threshold,8.448936644136735,31.869923303394888,165,0.299286517758947,0.4260929495091126
Zone3,Open low-rise,BuildHeight_Mean,G3_score,242,B >= Q3 threshold,8.561662141143968,31.869923303394888,165,0.299286517758947,0.4260929495091126
Zone3,Open low-rise,BuildHeight_Mean,G3_score,242,B >= Q3 threshold,8.682291936563322,31.884054858289176,165,0.299286517758947,0.4260929495091126
Zone3,Open low-rise,BuildHeight_Mean,G3_score,242,B >= Q3 threshold,8.76733584088053,31.91563809425967,165,0.299286517758947,0.4260929495091126
Zone3,Open low-rise,BuildHeight_Mean,G3_score,242,B >= Q3 threshold,8.848868124355805,32.04129702064775,165,0.299286517758947,0.4260929495091126
Zone3,Open low-rise,BuildHeight_Mean,G3_score,242,B >= Q3 threshold,8.961315018928474,32.05873652968182,165,0.299286517758947,0.4260929495091126
Zone3,Open low-rise,BuildHeight_Mean,G3_score,242,B >= Q3 threshold,9.05256871123082,32.05935976007278,165,0.299286517758947,0.4260929495091126
Zone3,Open low-rise,BuildHeight_Mean,G3_score,242,B >= Q3 threshold,9.192529299977144,32.09062602675378,165,0.299286517758947,0.4260929495091126
Zone3,Open low-rise,BuildHeight_Mean,G3_score,242,B >= Q3 threshold,9.291949423610758,32.17652823159453,165,0.299286517758947,0.4260929495091126
Zone3,Open low-rise,BuildHeight_Mean,G3_score,242,B >= Q3 threshold,9.443762607848296,32.255016738898426,165,0.299286517758947,0.4260929495091126
Zone3,Open low-rise,BuildHeight_Mean,G3_score,242,B >= Q3 threshold,9.543606271239595,32.25926145535128,165,0.299286517758947,0.4260929495091126
Zone3,Open low-rise,BuildHeight_Mean,G3_score,242,B >= Q3 threshold,9.649299760433044,32.263086694158616,165,0.299286517758947,0.4260929495091126
Zone3,Open low-rise,BuildHeight_Mean,G3_score,242,B >= Q3 threshold,9.771208342138648,32.263086694158616,165,0.299286517758947,0.4260929495091126
Zone3,Open low-rise,BuildHeight_Mean,G3_score,242,B >= Q3 threshold,9.892646883129068,32.27716306781913,165,0.299286517758947,0.4260929495091126
Zone3,Open low-rise,BuildHeight_Mean,G3_score,242,B >= Q3 threshold,10.04677904349928,32.281181324290785,165,0.299286517758947,0.4260929495091126
Zone3,Open low-rise,BuildHeight_Mean,G3_score,242,B >= Q3 threshold,10.21187205504004,32.285733012629095,165,0.299286517758947,0.4260929495091126
Zone3,Open low-rise,BuildHeight_Mean,G3_score,242,B >= Q3 threshold,10.414489728336136,32.343164189474436,165,0.299286517758947,0.4260929495091126
Zone3,Open low-rise,BuildHeight_Mean,G3_score,242,B >= Q3 threshold,10.52948836708649,32.333871305817645,165,0.299286517758947,0.4260929495091126
