zone,zone_label,feature_a,feature_b,condition,feature_a_value,predicted_pwp_mean,predicted_pwp_sd,b_lower_quartile_cut,b_upper_quartile_cut,n_condition,n_seeds
Zone3,Open low-rise,BuildHeight_Mean,GISLET_Pct,B <= Q1 threshold,7.665050438249494,31.868218012282593,0.015495670827295745,0.0,15.795675803134207,238,3
Zone3,Open low-rise,BuildHeight_Mean,GISLET_Pct,B <= Q1 threshold,7.7972628959172425,31.86260237129932,0.025010029676214848,0.0,15.795675803134207,238,3
Zone3,Open low-rise,BuildHeight_Mean,GISLET_Pct,B <= Q1 threshold,7.931317526811994,31.86731245460236,0.02113366557621731,0.0,15.795675803134207,238,3
Zone3,Open low-rise,BuildHeight_Mean,GISLET_Pct,B <= Q1 threshold,8.025714051033695,31.867610786919794,0.020634458443127134,0.0,15.795675803134207,238,3
Zone3,Open low-rise,BuildHeight_Mean,GISLET_Pct,B <= Q1 threshold,8.13594080806393,31.87384916914269,0.01662569356426143,0.0,15.795675803134207,238,3
Zone3,Open low-rise,BuildHeight_Mean,GISLET_Pct,B <= Q1 threshold,8.259197224628856,31.89536763509751,0.01924351483501848,0.0,15.795675803134207,238,3
Zone3,Open low-rise,BuildHeight_Mean,GISLET_Pct,B <= Q1 threshold,8.39085613572573,31.973689655468565,0.00205145265293937,0.0,15.795675803134207,238,3
Zone3,Open low-rise,BuildHeight_Mean,GISLET_Pct,B <= Q1 threshold,8.452779242321686,31.974533194912777,0.006308696320775798,0.0,15.795675803134207,238,3
Zone3,Open low-rise,BuildHeight_Mean,GISLET_Pct,B <= Q1 threshold,8.573785931737484,31.97380871725139,0.007557247487295658,0.0,15.795675803134207,238,3
Zone3,Open low-rise,BuildHeight_Mean,GISLET_Pct,B <= Q1 threshold,8.695193495473152,31.990757325099153,0.016985648870690043,0.0,15.795675803134207,238,3
Zone3,Open low-rise,BuildHeight_Mean,GISLET_Pct,B <= Q1 threshold,8.777693208889373,32.017129246851,0.02141042928284379,0.0,15.795675803134207,238,3
Zone3,Open low-rise,BuildHeight_Mean,GISLET_Pct,B <= Q1 threshold,8.851550439006472,32.158942036353956,0.003747032680378355,0.0,15.795675803134207,238,3
Zone3,Open low-rise,BuildHeight_Mean,GISLET_Pct,B <= Q1 threshold,8.96711691435347,32.17600167864324,0.006244879766123975,0.0,15.795675803134207,238,3
Zone3,Open low-rise,BuildHeight_Mean,GISLET_Pct,B <= Q1 threshold,9.06583111970998,32.179206247203076,0.004884963942115005,0.0,15.795675803134207,238,3
Zone3,Open low-rise,BuildHeight_Mean,GISLET_Pct,B <= Q1 threshold,9.196011961735795,32.192685966669494,0.0092975983888359,0.0,15.795675803134207,238,3
Zone3,Open low-rise,BuildHeight_Mean,GISLET_Pct,B <= Q1 threshold,9.302049579024406,32.23340833219036,0.027847880754658428,0.0,15.795675803134207,238,3
Zone3,Open low-rise,BuildHeight_Mean,GISLET_Pct,B <= Q1 threshold,9.449873165816285,32.293252662099285,0.003497313739434883,0.0,15.795675803134207,238,3
Zone3,Open low-rise,BuildHeight_Mean,GISLET_Pct,B <= Q1 threshold,9.544360613323752,32.2879335749492,0.011815688495704899,0.0,15.795675803134207,238,3
Zone3,Open low-rise,BuildHeight_Mean,GISLET_Pct,B <= Q1 threshold,9.651030032901433,32.28517415737201,0.016108932968360738,0.0,15.795675803134207,238,3
Zone3,Open low-rise,BuildHeight_Mean,GISLET_Pct,B <= Q1 threshold,9.77211822588437,32.28305886878692,0.01976873860962518,0.0,15.795675803134207,238,3
Zone3,Open low-rise,BuildHeight_Mean,GISLET_Pct,B <= Q1 threshold,9.897126564845486,32.28179241398592,0.023728221714219355,0.0,15.795675803134207,238,3
Zone3,Open low-rise,BuildHeight_Mean,GISLET_Pct,B <= Q1 threshold,10.04798283158653,32.294533171013285,0.01255728117734325,0.0,15.795675803134207,238,3
Zone3,Open low-rise,BuildHeight_Mean,GISLET_Pct,B <= Q1 threshold,10.21206153961111,32.29618724317174,0.021019822327979065,0.0,15.795675803134207,238,3
Zone3,Open low-rise,BuildHeight_Mean,GISLET_Pct,B <= Q1 threshold,10.415028136242729,32.34497292361783,0.01758212410430629,0.0,15.795675803134207,238,3
Zone3,Open low-rise,BuildHeight_Mean,GISLET_Pct,B <= Q1 threshold,10.52948836708649,32.346224024087064,0.0075619448628570255,0.0,15.795675803134207,238,3
Zone3,Open low-rise,BuildHeight_Mean,GISLET_Pct,B >= Q3 threshold,7.665050438249494,32.16184207443653,0.009658995145371961,0.0,15.795675803134207,165,3
Zone3,Open low-rise,BuildHeight_Mean,GISLET_Pct,B >= Q3 threshold,7.7972628959172425,32.1591853325773,0.012700796813200054,0.0,15.795675803134207,165,3
Zone3,Open low-rise,BuildHeight_Mean,GISLET_Pct,B >= Q3 threshold,7.931317526811994,32.162114657718,0.007321700044657706,0.0,15.795675803134207,165,3
Zone3,Open low-rise,BuildHeight_Mean,GISLET_Pct,B >= Q3 threshold,8.025714051033695,32.160827311916385,0.008753601335080494,0.0,15.795675803134207,165,3
Zone3,Open low-rise,BuildHeight_Mean,GISLET_Pct,B >= Q3 threshold,8.13594080806393,32.1663967643528,0.007893930131148759,0.0,15.795675803134207,165,3
Zone3,Open low-rise,BuildHeight_Mean,GISLET_Pct,B >= Q3 threshold,8.259197224628856,32.18147688423367,0.008323571211483853,0.0,15.795675803134207,165,3
Zone3,Open low-rise,BuildHeight_Mean,GISLET_Pct,B >= Q3 threshold,8.39085613572573,32.22954900553888,0.002488700466347164,0.0,15.795675803134207,165,3
Zone3,Open low-rise,BuildHeight_Mean,GISLET_Pct,B >= Q3 threshold,8.452779242321686,32.22879514475672,0.006054069146326588,0.0,15.795675803134207,165,3
Zone3,Open low-rise,BuildHeight_Mean,GISLET_Pct,B >= Q3 threshold,8.573785931737484,32.22775853797079,0.00775278078262606,0.0,15.795675803134207,165,3
Zone3,Open low-rise,BuildHeight_Mean,GISLET_Pct,B >= Q3 threshold,8.695193495473152,32.235267066115625,0.008051603926635384,0.0,15.795675803134207,165,3
Zone3,Open low-rise,BuildHeight_Mean,GISLET_Pct,B >= Q3 threshold,8.777693208889373,32.26173184641001,0.01074014457439395,0.0,15.795675803134207,165,3
Zone3,Open low-rise,BuildHeight_Mean,GISLET_Pct,B >= Q3 threshold,8.851550439006472,32.37757770708592,0.0059586356770106865,0.0,15.795675803134207,165,3
Zone3,Open low-rise,BuildHeight_Mean,GISLET_Pct,B >= Q3 threshold,8.96711691435347,32.399361671233876,0.0004987120808566054,0.0,15.795675803134207,165,3
Zone3,Open low-rise,BuildHeight_Mean,GISLET_Pct,B >= Q3 threshold,9.06583111970998,32.402994877976035,0.002907989056425786,0.0,15.795675803134207,165,3
Zone3,Open low-rise,BuildHeight_Mean,GISLET_Pct,B >= Q3 threshold,9.196011961735795,32.42516485794625,0.010850852500072082,0.0,15.795675803134207,165,3
Zone3,Open low-rise,BuildHeight_Mean,GISLET_Pct,B >= Q3 threshold,9.302049579024406,32.543792747049366,0.018524473221838676,0.0,15.795675803134207,165,3
Zone3,Open low-rise,BuildHeight_Mean,GISLET_Pct,B >= Q3 threshold,9.449873165816285,32.6308656458805,0.004042657158782162,0.0,15.795675803134207,165,3
Zone3,Open low-rise,BuildHeight_Mean,GISLET_Pct,B >= Q3 threshold,9.544360613323752,32.640820956585806,0.010818646073531292,0.0,15.795675803134207,165,3
Zone3,Open low-rise,BuildHeight_Mean,GISLET_Pct,B >= Q3 threshold,9.651030032901433,32.67298490839202,0.008952248879254533,0.0,15.795675803134207,165,3
Zone3,Open low-rise,BuildHeight_Mean,GISLET_Pct,B >= Q3 threshold,9.77211822588437,32.68219448384766,0.01912369005398756,0.0,15.795675803134207,165,3
Zone3,Open low-rise,BuildHeight_Mean,GISLET_Pct,B >= Q3 threshold,9.897126564845486,32.73408466465694,0.034392976745766746,0.0,15.795675803134207,165,3
Zone3,Open low-rise,BuildHeight_Mean,GISLET_Pct,B >= Q3 threshold,10.04798283158653,32.748321536162116,0.04840068612046448,0.0,15.795675803134207,165,3
Zone3,Open low-rise,BuildHeight_Mean,GISLET_Pct,B >= Q3 threshold,10.21206153961111,32.74138020058195,0.03792072516128703,0.0,15.795675803134207,165,3
Zone3,Open low-rise,BuildHeight_Mean,GISLET_Pct,B >= Q3 threshold,10.415028136242729,32.76920779498698,0.029156670199742364,0.0,15.795675803134207,165,3
Zone3,Open low-rise,BuildHeight_Mean,GISLET_Pct,B >= Q3 threshold,10.52948836708649,32.75540466667934,0.018479074324289642,0.0,15.795675803134207,165,3
