relative_path,bytes,data_rows_excluding_header,sha256
DATA_NOTES.md,5662,,1b0987edb58cdc82ca8750894faa7cc54969b4d82d3781d9e052107bea900a12
README.md,3152,,dc6549e45a4de2e8e543b58835f88a18d7e4922f0e893a88629b776c2b64b567
SOURCE_PRODUCTS.md,2614,,029b381c8b4dfe577587851baba9eb45ef75b8b8e2bf0719d60080e7aebbbb75
data/Figure1/workflow_geometry.json,1280256,,834f97c9ef77d40b5943b49063e9379f4d2898e733ae4aa277463c67a5bc61d5
data/Figure1/workflow_map_values.csv,1148362,4075,3d4cf529c7279001ae1389a7bd7658f2ff2e196b0f81f179465f4f52361741cf
data/Figure2/spatial_layers.json,3746590,,c8d7873479efb1eb2526bffa0b2816c51ec1ec04e9d0c62f613e8a8dfcd8c630
data/Figure3/density_curves.csv,49994,1120,e5c2ffa65774dcdd5c8f5fb592db926b7fea43d28bfe75fe518b63098fd709f2
data/Figure3/grid_data.csv,380461,4075,31c32bdd162a20b71f60579812b0d07bb80a8c33963f4df41528974d48995f6f
data/Figure3/grid_geometry.json,1237788,,804a5f7d80b7f2c6921253f15702c89c8aa80d81b5e7fbab55c82aa4f65d9671
data/Figure3/type_summary.csv,1473,4,b04437d563007e9e4aaad65bbb47c5f882c0a06e9889d6e7d0fdfd3e6ebe8448
data/Figure4/class_counts.csv,451,7,80028f6294ebed4e149569fd46bb7aef6606bf9d3ee5a0698826404334275019
data/Figure4/structural_profiles.csv,3819,40,3710bdeada578f11074fb496550192d46fe5ae2ccdb12b2f4c45eba8a234fd42
data/Figure5/candidate_ranking.csv,1398,9,d3a0b12cd2e97d6bb78b1e7c25c12a031887f0f644a577deea101929f5adcbe6
data/Figure5/seed_aggregate.csv,6371,52,ab1473867bb635789a49ca1271a577a3ed64e2fd29b2363b3f3296fdea332a58
data/Figure6_Figure7/shap_all_models.csv,12254,168,34b6c918fe4dbaa6a053c9c28fef3bab0a5b7ae1fac68e1f42fe1754693b9d86
data/Figure8/gbdt_pdp_deciles.csv,6038,108,a07043d2524fff35d44ce9dd1615fadde0bf0f45596218458d0db3b96eb187f2
data/Figure8/gbdt_pdp_points.csv,102253,1440,4d9af54edce2a14c288efdfa95c8cfe59ec5cd2c9bcde1345e26c612c4cdf2aa
figure_data_map.csv,1328,9,6b93ba8f1d118b746215bc9cb4c61cea0b3f94319cdae952ad0421fdc48166ea
supplementary/SupplementaryData1/Supplementary_Data_1_documentation.txt,2014,,b92ecf8f0bd475283ff937e46bd987c9e75099b0a51f7595ceee77880e6a530f
supplementary/SupplementaryData1/Supplementary_Data_1_model_performance.csv,19051,156,e5bd254bfcefed98e5f1d825df1bbfe7f022645fd30555c9010738365839c425
supplementary/SupplementaryData2/01_pair_ranking_by_seed.csv,136317,1092,fa4aeb7cdde48626f0f8c320c539d9fc2e0a976b16ecbbdc35b06cc33c249afb
supplementary/SupplementaryData2/02_pair_ranking_summary.csv,59306,364,408c8022e647ad1a3dc5623a6e9e4e4989afdbcffb5025ed9a5d832db7038e40
supplementary/SupplementaryData2/03_stable_candidates.csv,2937,17,56855679262bb73a276085067e0fe55bc8425bd5064c58d09d20e705ceef7f4c
supplementary/SupplementaryData2/04_complete_conditional_screen.csv,10134,17,f2a15ca8bda839c4d917d64da9f29b128a4aa344224255908cbbfe575e4cad5e
supplementary/SupplementaryData2/05_qualified_pairs.csv,2469,3,c82d70a2e23b5734e3ee4340b971af4f802c53f3276b075cdde993165d505526
supplementary/SupplementaryData2/06_curves_seed_aggregate_all_pairs.csv,70310,444,e7be1e90540585e365f52f72ab303aa1515859193b783df65e39d5e55a157dc8
supplementary/SupplementaryData2/07_model_metrics.csv,2077,12,9e92facf63942ce5827ea4fbaabc97b373d67867bf88370577fa1c8a7d7d9a65
supplementary/SupplementaryData2/08_geometry_rejections.json,1434,,b9be7a0532321568dce1f3e7550c78e9610d8bc9ed6d5a61cbf88dbd5c6d2405
supplementary/SupplementaryData2/09_pair_map.csv,2154,17,a4f04bce40dff09431d54f5af5f8bd6367d4ad7469adbc2b452dd491ba33b370
supplementary/SupplementaryData2/Data_guide.txt,6507,,df146d8541b6b1d2a8a348683ded6a5b5a900e4555f24d1a135b2a85166f3403
supplementary/SupplementaryData2/data_dictionary.csv,82341,657,7cfe55e62763f4719c4beb1c2f97d84c56822e1ec388a05a380da380771f7a9a
supplementary/SupplementaryData2/pairs/p01/conditional_response_by_seed.csv,3616,30,1606f520d39dd030b9b51257ac32187e6c3de22dc8e65c0d7adba80b8b2a9620
supplementary/SupplementaryData2/pairs/p01/conditional_response_seed_aggregate.csv,1503,10,52045127633726e54c60696dbe4ed2c2b88aef0d1676b060bdd80861fe8df620
supplementary/SupplementaryData2/pairs/p01/observed_joint_support.csv,648,6,05440f73f9bca2d7a24a59cb984dc26aaac34ddc706f32ad4c84cc4c128bef06
supplementary/SupplementaryData2/pairs/p02/conditional_response_by_seed.csv,19273,150,97dc8d2ec7fcdc5fd3d5f41146abda48cf529b70824c74988bc2ce82867982ac
supplementary/SupplementaryData2/pairs/p02/conditional_response_seed_aggregate.csv,7458,50,5347aa46dc9bdf84a5f3db23cb93dc5630a75dabd4c3c33cf113316e3a9e672d
supplementary/SupplementaryData2/pairs/p02/observed_joint_support.csv,2392,21,b33deca664433a0a08ceea19e3e2dacc6bcc5e652975d4140fce7faefc9085a4
supplementary/SupplementaryData2/pairs/p03/conditional_response_by_seed.csv,17967,150,d950a3a62174788acb1eba1effc12ac04c74082ba4197543371bc9e6c33f4e26
supplementary/SupplementaryData2/pairs/p03/conditional_response_seed_aggregate.csv,7063,50,5829f262872999e9ca4e9f43d27c79402792721853e8bf4b7ab4edf80866c66a
supplementary/SupplementaryData2/pairs/p03/observed_joint_support.csv,850,8,158c7980c442819fd67b48937375d66cb038ac48f84c2fa42e8ceb28b8aeba95
supplementary/SupplementaryData2/pairs/p05/conditional_response_by_seed.csv,1789,12,b78e5d93e0fc0755fd1de74dda5f1bf8fdca548c96051c58a56d1f428459c6c2
supplementary/SupplementaryData2/pairs/p05/conditional_response_seed_aggregate.csv,787,4,6a050ebcf1e90165bd63d57384e16055525350cf6b5a765feb8100fe2b2b44a8
supplementary/SupplementaryData2/pairs/p05/observed_joint_support.csv,2885,28,a14beda170a41f242482e7b124b1345575c5e35b7651d2b3fd28c9dc45e4095e
supplementary/SupplementaryData2/pairs/p06/conditional_response_by_seed.csv,21771,150,a80f4ab1fd9ab07b5c2a84a75ab4cdea7e0be936f88078d3996ccd484a5ca85e
supplementary/SupplementaryData2/pairs/p06/conditional_response_seed_aggregate.csv,8329,50,a95c71156d38314271b38e36e72c2b7a3049509e92ec9546f630092d96430fed
supplementary/SupplementaryData2/pairs/p06/observed_joint_support.csv,5167,50,5c684719ea26850c4df0bcfa0a748e07642a79648d70ae573c8fa13234984ab1
supplementary/SupplementaryData2/pairs/p07/conditional_response_by_seed.csv,5900,42,65de750d782deb86287b059ff322abc59326e6885e317614d0721f82baa668ee
supplementary/SupplementaryData2/pairs/p07/conditional_response_seed_aggregate.csv,2348,14,554e25d5da49e40a2e6b1031b9cd4d162516498683730761f7d196a1357eaa7d
supplementary/SupplementaryData2/pairs/p07/observed_joint_support.csv,1346,12,28bfba47bce9b7622d2829d40a24e9761aa395ae81f2217a0651e96f99d814cb
supplementary/SupplementaryData2/pairs/p09/conditional_response_by_seed.csv,22169,150,a570a6843e64e0652d9045ff1e73223a4dc72fee2a57bc1de7bc3fa7861837de
supplementary/SupplementaryData2/pairs/p09/conditional_response_seed_aggregate.csv,8454,50,74283a891c6feb4bee529f29970a0dd41aaa4dc173699572bbc2e4106847b6ff
supplementary/SupplementaryData2/pairs/p09/observed_joint_support.csv,7202,64,819351c9b9811cfdc9a1a08dc152d3d02c2ac6e9356279ba9bddec3c51274db8
supplementary/SupplementaryData2/pairs/p10/conditional_response_by_seed.csv,21886,150,6ef51c455b8e30d08490ef909c4d5d94a318851d06a69a24dcfbadeeab341b36
supplementary/SupplementaryData2/pairs/p10/conditional_response_seed_aggregate.csv,8369,50,b016e3fbf6a0c09d830b647a40ad55b04f416ba3837ece9554234df464149423
supplementary/SupplementaryData2/pairs/p10/observed_joint_support.csv,7170,64,54496d5846d6cd2da5a8ebb55132f9fc1c84dd16bba484d7b9eb7e8185b4b2a2
supplementary/SupplementaryData2/pairs/p11/conditional_response_by_seed.csv,21895,150,908678e38c5a6bc22a51cb1eb6a2ba6793f22d81d8c83213b12234733230c098
supplementary/SupplementaryData2/pairs/p11/conditional_response_seed_aggregate.csv,8367,50,9f9ec32fcac8f87338b11fc5b936ec2cb594453760842c2fcdc6a1b6a2c7ef54
supplementary/SupplementaryData2/pairs/p11/observed_joint_support.csv,7190,64,378f7e42e3e0e9c8f9536cbf10d49549e45f58253451c043500ce52610442b18
supplementary/SupplementaryData2/pairs/p12/conditional_response_by_seed.csv,20072,150,45b47d19ffa0753db0673e04d9b76bf1b3500ce7b56994675d3d46562299ad6e
supplementary/SupplementaryData2/pairs/p12/conditional_response_seed_aggregate.csv,7752,50,96e5fe63bf258ee6fd58c08c8545969fc132965e8bc56fbe827c82a0ee7c2034
supplementary/SupplementaryData2/pairs/p12/observed_joint_support.csv,5468,48,ff43a51a49fefdbbb7172b9e208fe1eee16b5e11695ffbeea168c570ba899af0
supplementary/SupplementaryData2/pairs/p13/conditional_response_by_seed.csv,1916,12,457183d1cc1e6df11892b13014a3e3a9428cbfe637f1212f760b1e1f8c86e553
supplementary/SupplementaryData2/pairs/p13/conditional_response_seed_aggregate.csv,834,4,699dc76a63297af40672df157d7f7089e825215721cfe01400f743c54314175a
supplementary/SupplementaryData2/pairs/p13/observed_joint_support.csv,870,8,92652c1b18ee8c0a391c8f837cadb61662c0b03ca9eb601cf7ec06f71a24e4c7
supplementary/SupplementaryData2/pairs/p14/conditional_response_by_seed.csv,1915,12,8fc0d2b63d2d7702a90e0cde0347479be8f1699d440563ca67fd23e7c98373b5
supplementary/SupplementaryData2/pairs/p14/conditional_response_seed_aggregate.csv,831,4,d7577f745031fed5c19c19247b5533dfcc3674b2c9c52937d144377976458a10
supplementary/SupplementaryData2/pairs/p14/observed_joint_support.csv,887,8,b64fdd631f6b4f9d560732285844f23118611ee053a94149a0accb378fa4cf01
supplementary/SupplementaryData2/pairs/p15/conditional_response_by_seed.csv,1739,12,fc65633c88550fb2707214e8eb2f7c187bb82bfd6edd428df808d8925e8b7af7
supplementary/SupplementaryData2/pairs/p15/conditional_response_seed_aggregate.csv,770,4,695880ce9622368a71efb5d561efdd342c0e5ae7761313a87e2793ebe531303e
supplementary/SupplementaryData2/pairs/p15/observed_joint_support.csv,665,6,a492f41213c71f24cd804e963418f5ba1aa65076d430d1c42049b4503cb7cb6c
supplementary/SupplementaryData2/pairs/p16/conditional_response_by_seed.csv,23263,150,e68d4ee4ea6468b2472c3c8ac6e91cd75f3f3183027855b8f7cd3454cf0dea52
supplementary/SupplementaryData2/pairs/p16/conditional_response_seed_aggregate.csv,8849,50,b096045ff9acc18e784d497bce023aaf622103d8bb233005812f31f206174fd2
supplementary/SupplementaryData2/pairs/p16/observed_joint_support.csv,7142,64,7eefbe76a8bcfca0da1f14ca3c682f0fde08d11eef28ad9347ca9898c76fe716
supplementary/SupplementaryData2/pairs/p17/conditional_response_by_seed.csv,1932,12,220edbcd56a02e5dc50e147e1075705502d70273835ec7934e8c8feac3cbdd34
supplementary/SupplementaryData2/pairs/p17/conditional_response_seed_aggregate.csv,836,4,2943e3f4c8314aebb692f4a2710700dc168af34e994a3365b23cd47992397860
supplementary/SupplementaryData2/pairs/p17/observed_joint_support.csv,878,8,95a071e49cf648f3a7d0a3774db831e1d8e5e8c0e91cca7337785e1d23f216bf
