Experiment_ID,Seed,Zone,Zone_Label,Code,Model,Train_R2,Train_RMSE,Train_MAE,Test_R2,Test_RMSE,Test_MAE,Overfitting_Score
s14_pwp_corrected_multiseed_20260919,42,Zone1,Compact,06_gwrf,GWRF,0.921,0.301,0.228,0.648,0.653,0.459,0.273
s14_pwp_corrected_multiseed_20260919,42,Zone1,Compact,05_ensemble,CatBoost,0.547,0.721,0.562,0.431,0.83,0.624,0.116
s14_pwp_corrected_multiseed_20260919,42,Zone1,Compact,05_ensemble,AdaBoost,0.548,0.72,0.554,0.427,0.833,0.63,0.121
s14_pwp_corrected_multiseed_20260919,42,Zone1,Compact,05_ensemble,RandomForest,0.651,0.633,0.483,0.417,0.841,0.639,0.234
s14_pwp_corrected_multiseed_20260919,42,Zone1,Compact,05_ensemble,GBDT,0.601,0.677,0.525,0.414,0.842,0.646,0.187
s14_pwp_corrected_multiseed_20260919,42,Zone1,Compact,05_ensemble,LightGBM,0.664,0.621,0.471,0.414,0.843,0.65,0.25
s14_pwp_corrected_multiseed_20260919,42,Zone1,Compact,05_ensemble,ExtraTrees,0.636,0.646,0.496,0.386,0.863,0.653,0.251
s14_pwp_corrected_multiseed_20260919,42,Zone1,Compact,05_ensemble,XGBoost,0.739,0.547,0.411,0.383,0.864,0.676,0.356
s14_pwp_corrected_multiseed_20260919,42,Zone1,Compact,01_linear,ElasticNet,0.419,0.817,0.639,0.325,0.905,0.687,0.094
s14_pwp_corrected_multiseed_20260919,42,Zone1,Compact,01_linear,MLR,0.44,0.802,0.623,0.322,0.906,0.679,0.118
s14_pwp_corrected_multiseed_20260919,42,Zone1,Compact,03_knn,KNN,0.468,0.782,0.597,0.308,0.916,0.688,0.16
s14_pwp_corrected_multiseed_20260919,42,Zone1,Compact,02_svr,SVR,0.533,0.733,0.526,0.288,0.929,0.69,0.244
s14_pwp_corrected_multiseed_20260919,42,Zone1,Compact,04_mlp,MLP,0.238,0.936,0.759,0.161,1.008,0.786,0.077
s14_pwp_corrected_multiseed_20260919,42,Zone2,Open mid-/high-rise,06_gwrf,GWRF,0.96,0.275,0.207,0.67,0.729,0.538,0.29
s14_pwp_corrected_multiseed_20260919,42,Zone2,Open mid-/high-rise,05_ensemble,GBDT,0.677,0.778,0.625,0.519,0.88,0.684,0.158
s14_pwp_corrected_multiseed_20260919,42,Zone2,Open mid-/high-rise,05_ensemble,LightGBM,0.751,0.683,0.545,0.512,0.887,0.678,0.239
s14_pwp_corrected_multiseed_20260919,42,Zone2,Open mid-/high-rise,05_ensemble,RandomForest,0.762,0.668,0.532,0.509,0.889,0.688,0.253
s14_pwp_corrected_multiseed_20260919,42,Zone2,Open mid-/high-rise,05_ensemble,XGBoost,0.765,0.663,0.527,0.504,0.894,0.692,0.261
s14_pwp_corrected_multiseed_20260919,42,Zone2,Open mid-/high-rise,05_ensemble,AdaBoost,0.582,0.885,0.72,0.495,0.902,0.712,0.087
s14_pwp_corrected_multiseed_20260919,42,Zone2,Open mid-/high-rise,05_ensemble,CatBoost,0.579,0.888,0.708,0.492,0.905,0.706,0.087
s14_pwp_corrected_multiseed_20260919,42,Zone2,Open mid-/high-rise,02_svr,SVR,0.511,0.958,0.766,0.488,0.908,0.713,0.022
s14_pwp_corrected_multiseed_20260919,42,Zone2,Open mid-/high-rise,05_ensemble,ExtraTrees,0.81,0.597,0.472,0.487,0.909,0.704,0.322
s14_pwp_corrected_multiseed_20260919,42,Zone2,Open mid-/high-rise,01_linear,MLR,0.517,0.952,0.756,0.479,0.916,0.72,0.038
s14_pwp_corrected_multiseed_20260919,42,Zone2,Open mid-/high-rise,01_linear,ElasticNet,0.516,0.952,0.758,0.478,0.917,0.72,0.038
s14_pwp_corrected_multiseed_20260919,42,Zone2,Open mid-/high-rise,03_knn,KNN,0.55,0.919,0.727,0.438,0.952,0.732,0.112
s14_pwp_corrected_multiseed_20260919,42,Zone2,Open mid-/high-rise,04_mlp,MLP,0.413,1.049,0.859,0.368,1.009,0.814,0.046
s14_pwp_corrected_multiseed_20260919,42,Zone3,Open low-rise,06_gwrf,GWRF,0.932,0.242,0.186,0.515,0.651,0.517,0.417
s14_pwp_corrected_multiseed_20260919,42,Zone3,Open low-rise,01_linear,MLR,0.236,0.808,0.627,0.278,0.795,0.619,-0.042
s14_pwp_corrected_multiseed_20260919,42,Zone3,Open low-rise,01_linear,ElasticNet,0.23,0.812,0.629,0.266,0.801,0.628,-0.036
s14_pwp_corrected_multiseed_20260919,42,Zone3,Open low-rise,02_svr,SVR,0.227,0.813,0.622,0.265,0.802,0.625,-0.038
s14_pwp_corrected_multiseed_20260919,42,Zone3,Open low-rise,05_ensemble,RandomForest,0.667,0.534,0.403,0.262,0.804,0.635,0.405
s14_pwp_corrected_multiseed_20260919,42,Zone3,Open low-rise,05_ensemble,XGBoost,0.707,0.501,0.386,0.251,0.809,0.638,0.456
s14_pwp_corrected_multiseed_20260919,42,Zone3,Open low-rise,05_ensemble,CatBoost,0.488,0.662,0.518,0.245,0.813,0.64,0.244
s14_pwp_corrected_multiseed_20260919,42,Zone3,Open low-rise,05_ensemble,LightGBM,0.596,0.588,0.449,0.221,0.825,0.649,0.375
s14_pwp_corrected_multiseed_20260919,42,Zone3,Open low-rise,05_ensemble,ExtraTrees,1.0,0.0,0.0,0.215,0.828,0.645,0.785
s14_pwp_corrected_multiseed_20260919,42,Zone3,Open low-rise,05_ensemble,AdaBoost,0.43,0.698,0.576,0.213,0.829,0.651,0.216
s14_pwp_corrected_multiseed_20260919,42,Zone3,Open low-rise,05_ensemble,GBDT,0.683,0.52,0.413,0.197,0.838,0.656,0.487
s14_pwp_corrected_multiseed_20260919,42,Zone3,Open low-rise,04_mlp,MLP,0.133,0.861,0.657,0.193,0.84,0.661,-0.061
s14_pwp_corrected_multiseed_20260919,42,Zone3,Open low-rise,03_knn,KNN,1.0,0.0,0.0,0.175,0.85,0.671,0.825
s14_pwp_corrected_multiseed_20260919,42,Zone4,Green-space-dominated,06_gwrf,GWRF,0.951,0.213,0.157,0.602,0.589,0.445,0.349
s14_pwp_corrected_multiseed_20260919,42,Zone4,Green-space-dominated,05_ensemble,CatBoost,0.451,0.711,0.558,0.318,0.771,0.6,0.133
s14_pwp_corrected_multiseed_20260919,42,Zone4,Green-space-dominated,05_ensemble,ExtraTrees,0.48,0.692,0.543,0.308,0.777,0.604,0.172
s14_pwp_corrected_multiseed_20260919,42,Zone4,Green-space-dominated,05_ensemble,GBDT,0.494,0.682,0.54,0.295,0.784,0.606,0.199
s14_pwp_corrected_multiseed_20260919,42,Zone4,Green-space-dominated,05_ensemble,RandomForest,0.761,0.469,0.349,0.29,0.787,0.607,0.471
s14_pwp_corrected_multiseed_20260919,42,Zone4,Green-space-dominated,05_ensemble,LightGBM,0.558,0.637,0.496,0.29,0.787,0.609,0.268
s14_pwp_corrected_multiseed_20260919,42,Zone4,Green-space-dominated,05_ensemble,XGBoost,0.607,0.601,0.469,0.281,0.792,0.617,0.326
s14_pwp_corrected_multiseed_20260919,42,Zone4,Green-space-dominated,03_knn,KNN,1.0,0.0,0.0,0.272,0.797,0.616,0.728
s14_pwp_corrected_multiseed_20260919,42,Zone4,Green-space-dominated,05_ensemble,AdaBoost,0.376,0.758,0.598,0.27,0.798,0.62,0.106
s14_pwp_corrected_multiseed_20260919,42,Zone4,Green-space-dominated,01_linear,ElasticNet,0.301,0.802,0.626,0.263,0.802,0.623,0.038
s14_pwp_corrected_multiseed_20260919,42,Zone4,Green-space-dominated,01_linear,MLR,0.302,0.801,0.626,0.253,0.807,0.624,0.049
s14_pwp_corrected_multiseed_20260919,42,Zone4,Green-space-dominated,02_svr,SVR,0.296,0.805,0.623,0.245,0.812,0.623,0.051
s14_pwp_corrected_multiseed_20260919,42,Zone4,Green-space-dominated,04_mlp,MLP,0.243,0.835,0.651,0.203,0.834,0.646,0.04
s14_pwp_corrected_multiseed_20260919,142,Zone1,Compact,06_gwrf,GWRF,0.809,0.498,0.37,0.629,0.564,0.409,0.18
s14_pwp_corrected_multiseed_20260919,142,Zone1,Compact,05_ensemble,ExtraTrees,0.637,0.687,0.527,0.456,0.684,0.539,0.181
s14_pwp_corrected_multiseed_20260919,142,Zone1,Compact,05_ensemble,CatBoost,0.666,0.658,0.501,0.444,0.691,0.546,0.223
s14_pwp_corrected_multiseed_20260919,142,Zone1,Compact,05_ensemble,AdaBoost,0.559,0.757,0.574,0.44,0.693,0.546,0.119
s14_pwp_corrected_multiseed_20260919,142,Zone1,Compact,05_ensemble,RandomForest,0.72,0.603,0.454,0.436,0.696,0.549,0.284
s14_pwp_corrected_multiseed_20260919,142,Zone1,Compact,05_ensemble,GBDT,0.682,0.643,0.493,0.43,0.7,0.558,0.252
s14_pwp_corrected_multiseed_20260919,142,Zone1,Compact,05_ensemble,LightGBM,0.662,0.663,0.503,0.423,0.704,0.561,0.239
s14_pwp_corrected_multiseed_20260919,142,Zone1,Compact,01_linear,ElasticNet,0.401,0.882,0.684,0.384,0.727,0.568,0.017
s14_pwp_corrected_multiseed_20260919,142,Zone1,Compact,05_ensemble,XGBoost,0.701,0.623,0.471,0.365,0.738,0.593,0.336
s14_pwp_corrected_multiseed_20260919,142,Zone1,Compact,01_linear,MLR,0.429,0.861,0.664,0.334,0.756,0.591,0.096
s14_pwp_corrected_multiseed_20260919,142,Zone1,Compact,02_svr,SVR,0.53,0.782,0.544,0.317,0.766,0.601,0.213
s14_pwp_corrected_multiseed_20260919,142,Zone1,Compact,03_knn,KNN,0.475,0.826,0.622,0.317,0.766,0.597,0.159
s14_pwp_corrected_multiseed_20260919,142,Zone1,Compact,04_mlp,MLP,0.02,1.129,0.882,-0.248,1.035,0.724,0.268
s14_pwp_corrected_multiseed_20260919,142,Zone2,Open mid-/high-rise,06_gwrf,GWRF,0.854,0.513,0.393,0.712,0.714,0.54,0.143
s14_pwp_corrected_multiseed_20260919,142,Zone2,Open mid-/high-rise,05_ensemble,GBDT,0.695,0.742,0.591,0.475,0.965,0.771,0.22
s14_pwp_corrected_multiseed_20260919,142,Zone2,Open mid-/high-rise,05_ensemble,XGBoost,0.711,0.723,0.568,0.469,0.97,0.781,0.242
s14_pwp_corrected_multiseed_20260919,142,Zone2,Open mid-/high-rise,05_ensemble,LightGBM,0.752,0.669,0.522,0.469,0.97,0.773,0.283
s14_pwp_corrected_multiseed_20260919,142,Zone2,Open mid-/high-rise,05_ensemble,AdaBoost,0.584,0.867,0.69,0.469,0.97,0.783,0.115
s14_pwp_corrected_multiseed_20260919,142,Zone2,Open mid-/high-rise,05_ensemble,CatBoost,0.69,0.749,0.597,0.467,0.972,0.773,0.223
s14_pwp_corrected_multiseed_20260919,142,Zone2,Open mid-/high-rise,05_ensemble,RandomForest,0.75,0.672,0.53,0.465,0.974,0.776,0.285
s14_pwp_corrected_multiseed_20260919,142,Zone2,Open mid-/high-rise,05_ensemble,ExtraTrees,0.705,0.729,0.578,0.449,0.989,0.786,0.257
s14_pwp_corrected_multiseed_20260919,142,Zone2,Open mid-/high-rise,01_linear,ElasticNet,0.541,0.91,0.72,0.423,1.011,0.801,0.118
s14_pwp_corrected_multiseed_20260919,142,Zone2,Open mid-/high-rise,01_linear,MLR,0.542,0.909,0.719,0.421,1.013,0.801,0.122
s14_pwp_corrected_multiseed_20260919,142,Zone2,Open mid-/high-rise,03_knn,KNN,1.0,0.0,0.0,0.4,1.031,0.807,0.6
s14_pwp_corrected_multiseed_20260919,142,Zone2,Open mid-/high-rise,02_svr,SVR,0.532,0.919,0.71,0.396,1.035,0.814,0.136
s14_pwp_corrected_multiseed_20260919,142,Zone2,Open mid-/high-rise,04_mlp,MLP,0.483,0.966,0.78,0.351,1.072,0.873,0.132
s14_pwp_corrected_multiseed_20260919,142,Zone3,Open low-rise,06_gwrf,GWRF,0.882,0.313,0.234,0.449,0.716,0.542,0.433
s14_pwp_corrected_multiseed_20260919,142,Zone3,Open low-rise,05_ensemble,RandomForest,0.7,0.499,0.396,0.167,0.88,0.666,0.533
s14_pwp_corrected_multiseed_20260919,142,Zone3,Open low-rise,05_ensemble,ExtraTrees,0.608,0.57,0.456,0.165,0.881,0.666,0.444
s14_pwp_corrected_multiseed_20260919,142,Zone3,Open low-rise,05_ensemble,LightGBM,0.63,0.553,0.437,0.155,0.887,0.662,0.476
s14_pwp_corrected_multiseed_20260919,142,Zone3,Open low-rise,05_ensemble,CatBoost,0.606,0.571,0.457,0.151,0.889,0.676,0.455
s14_pwp_corrected_multiseed_20260919,142,Zone3,Open low-rise,01_linear,ElasticNet,0.285,0.77,0.607,0.148,0.89,0.673,0.136
s14_pwp_corrected_multiseed_20260919,142,Zone3,Open low-rise,05_ensemble,XGBoost,0.637,0.548,0.436,0.145,0.892,0.679,0.492
s14_pwp_corrected_multiseed_20260919,142,Zone3,Open low-rise,02_svr,SVR,0.279,0.773,0.601,0.141,0.894,0.674,0.138
s14_pwp_corrected_multiseed_20260919,142,Zone3,Open low-rise,04_mlp,MLP,0.224,0.801,0.624,0.139,0.895,0.671,0.086
s14_pwp_corrected_multiseed_20260919,142,Zone3,Open low-rise,05_ensemble,GBDT,0.468,0.664,0.532,0.139,0.895,0.676,0.329
s14_pwp_corrected_multiseed_20260919,142,Zone3,Open low-rise,01_linear,MLR,0.29,0.766,0.607,0.135,0.897,0.679,0.156
s14_pwp_corrected_multiseed_20260919,142,Zone3,Open low-rise,05_ensemble,AdaBoost,0.413,0.697,0.572,0.116,0.907,0.694,0.297
s14_pwp_corrected_multiseed_20260919,142,Zone3,Open low-rise,03_knn,KNN,1.0,0.0,0.0,0.111,0.909,0.675,0.889
s14_pwp_corrected_multiseed_20260919,142,Zone4,Green-space-dominated,06_gwrf,GWRF,0.858,0.36,0.263,0.585,0.608,0.449,0.273
s14_pwp_corrected_multiseed_20260919,142,Zone4,Green-space-dominated,05_ensemble,GBDT,0.501,0.674,0.541,0.237,0.824,0.623,0.264
s14_pwp_corrected_multiseed_20260919,142,Zone4,Green-space-dominated,05_ensemble,CatBoost,0.513,0.666,0.532,0.231,0.827,0.622,0.281
s14_pwp_corrected_multiseed_20260919,142,Zone4,Green-space-dominated,05_ensemble,RandomForest,0.615,0.592,0.47,0.211,0.838,0.634,0.404
s14_pwp_corrected_multiseed_20260919,142,Zone4,Green-space-dominated,05_ensemble,XGBoost,0.535,0.651,0.516,0.207,0.841,0.636,0.328
s14_pwp_corrected_multiseed_20260919,142,Zone4,Green-space-dominated,05_ensemble,ExtraTrees,0.498,0.676,0.536,0.204,0.842,0.637,0.294
s14_pwp_corrected_multiseed_20260919,142,Zone4,Green-space-dominated,05_ensemble,LightGBM,0.572,0.625,0.491,0.195,0.847,0.635,0.376
s14_pwp_corrected_multiseed_20260919,142,Zone4,Green-space-dominated,05_ensemble,AdaBoost,0.4,0.74,0.595,0.186,0.852,0.645,0.214
s14_pwp_corrected_multiseed_20260919,142,Zone4,Green-space-dominated,03_knn,KNN,1.0,0.0,0.0,0.177,0.856,0.649,0.823
s14_pwp_corrected_multiseed_20260919,142,Zone4,Green-space-dominated,02_svr,SVR,0.485,0.685,0.494,0.175,0.857,0.649,0.31
s14_pwp_corrected_multiseed_20260919,142,Zone4,Green-space-dominated,01_linear,MLR,0.338,0.777,0.614,0.169,0.86,0.65,0.168
s14_pwp_corrected_multiseed_20260919,142,Zone4,Green-space-dominated,01_linear,ElasticNet,0.336,0.778,0.616,0.167,0.861,0.649,0.169
s14_pwp_corrected_multiseed_20260919,142,Zone4,Green-space-dominated,04_mlp,MLP,0.324,0.785,0.618,0.141,0.875,0.657,0.184
s14_pwp_corrected_multiseed_20260919,242,Zone1,Compact,06_gwrf,GWRF,0.875,0.375,0.28,0.737,0.581,0.427,0.138
s14_pwp_corrected_multiseed_20260919,242,Zone1,Compact,05_ensemble,ExtraTrees,0.61,0.661,0.494,0.474,0.821,0.653,0.136
s14_pwp_corrected_multiseed_20260919,242,Zone1,Compact,05_ensemble,CatBoost,0.558,0.704,0.537,0.474,0.821,0.655,0.084
s14_pwp_corrected_multiseed_20260919,242,Zone1,Compact,05_ensemble,LightGBM,0.641,0.633,0.477,0.469,0.825,0.66,0.172
s14_pwp_corrected_multiseed_20260919,242,Zone1,Compact,05_ensemble,GBDT,0.671,0.607,0.459,0.468,0.825,0.655,0.203
s14_pwp_corrected_multiseed_20260919,242,Zone1,Compact,05_ensemble,AdaBoost,0.55,0.71,0.539,0.454,0.836,0.656,0.096
s14_pwp_corrected_multiseed_20260919,242,Zone1,Compact,05_ensemble,RandomForest,0.698,0.581,0.426,0.45,0.84,0.67,0.248
s14_pwp_corrected_multiseed_20260919,242,Zone1,Compact,05_ensemble,XGBoost,0.686,0.593,0.447,0.45,0.839,0.67,0.236
s14_pwp_corrected_multiseed_20260919,242,Zone1,Compact,02_svr,SVR,0.403,0.817,0.612,0.396,0.88,0.69,0.008
s14_pwp_corrected_multiseed_20260919,242,Zone1,Compact,01_linear,ElasticNet,0.398,0.821,0.63,0.381,0.89,0.713,0.017
s14_pwp_corrected_multiseed_20260919,242,Zone1,Compact,01_linear,MLR,0.417,0.808,0.617,0.369,0.899,0.715,0.048
s14_pwp_corrected_multiseed_20260919,242,Zone1,Compact,03_knn,KNN,0.443,0.789,0.589,0.341,0.919,0.723,0.102
s14_pwp_corrected_multiseed_20260919,242,Zone1,Compact,04_mlp,MLP,-0.028,1.072,0.837,-0.012,1.139,0.91,-0.016
s14_pwp_corrected_multiseed_20260919,242,Zone2,Open mid-/high-rise,06_gwrf,GWRF,0.964,0.258,0.196,0.621,0.797,0.622,0.343
s14_pwp_corrected_multiseed_20260919,242,Zone2,Open mid-/high-rise,05_ensemble,GBDT,0.696,0.75,0.606,0.44,0.969,0.753,0.256
s14_pwp_corrected_multiseed_20260919,242,Zone2,Open mid-/high-rise,05_ensemble,XGBoost,0.728,0.709,0.566,0.44,0.969,0.753,0.287
s14_pwp_corrected_multiseed_20260919,242,Zone2,Open mid-/high-rise,01_linear,MLR,0.532,0.93,0.741,0.438,0.971,0.766,0.094
s14_pwp_corrected_multiseed_20260919,242,Zone2,Open mid-/high-rise,05_ensemble,ExtraTrees,0.8,0.608,0.477,0.438,0.971,0.762,0.362
s14_pwp_corrected_multiseed_20260919,242,Zone2,Open mid-/high-rise,02_svr,SVR,0.528,0.934,0.737,0.434,0.974,0.762,0.093
s14_pwp_corrected_multiseed_20260919,242,Zone2,Open mid-/high-rise,01_linear,ElasticNet,0.529,0.932,0.742,0.425,0.982,0.771,0.104
s14_pwp_corrected_multiseed_20260919,242,Zone2,Open mid-/high-rise,05_ensemble,CatBoost,0.792,0.62,0.496,0.424,0.983,0.761,0.368
s14_pwp_corrected_multiseed_20260919,242,Zone2,Open mid-/high-rise,05_ensemble,RandomForest,0.895,0.441,0.341,0.414,0.992,0.776,0.481
s14_pwp_corrected_multiseed_20260919,242,Zone2,Open mid-/high-rise,05_ensemble,LightGBM,0.803,0.603,0.472,0.413,0.993,0.78,0.391
s14_pwp_corrected_multiseed_20260919,242,Zone2,Open mid-/high-rise,03_knn,KNN,1.0,0.0,0.0,0.412,0.993,0.785,0.588
s14_pwp_corrected_multiseed_20260919,242,Zone2,Open mid-/high-rise,05_ensemble,AdaBoost,0.579,0.882,0.705,0.405,0.999,0.779,0.174
s14_pwp_corrected_multiseed_20260919,242,Zone2,Open mid-/high-rise,04_mlp,MLP,0.421,1.034,0.843,0.287,1.094,0.879,0.134
s14_pwp_corrected_multiseed_20260919,242,Zone3,Open low-rise,06_gwrf,GWRF,0.855,0.352,0.264,0.498,0.663,0.522,0.357
s14_pwp_corrected_multiseed_20260919,242,Zone3,Open low-rise,05_ensemble,RandomForest,0.768,0.444,0.339,0.214,0.829,0.652,0.555
s14_pwp_corrected_multiseed_20260919,242,Zone3,Open low-rise,01_linear,ElasticNet,0.244,0.802,0.622,0.207,0.833,0.649,0.036
s14_pwp_corrected_multiseed_20260919,242,Zone3,Open low-rise,01_linear,MLR,0.265,0.791,0.609,0.198,0.838,0.663,0.068
s14_pwp_corrected_multiseed_20260919,242,Zone3,Open low-rise,05_ensemble,ExtraTrees,0.999,0.032,0.02,0.194,0.84,0.656,0.805
s14_pwp_corrected_multiseed_20260919,242,Zone3,Open low-rise,05_ensemble,GBDT,0.449,0.685,0.542,0.194,0.84,0.655,0.255
s14_pwp_corrected_multiseed_20260919,242,Zone3,Open low-rise,02_svr,SVR,0.259,0.794,0.611,0.192,0.841,0.664,0.067
s14_pwp_corrected_multiseed_20260919,242,Zone3,Open low-rise,03_knn,KNN,0.271,0.788,0.611,0.186,0.844,0.657,0.085
s14_pwp_corrected_multiseed_20260919,242,Zone3,Open low-rise,05_ensemble,CatBoost,0.775,0.438,0.346,0.186,0.844,0.663,0.589
s14_pwp_corrected_multiseed_20260919,242,Zone3,Open low-rise,05_ensemble,XGBoost,0.628,0.563,0.441,0.184,0.845,0.668,0.445
s14_pwp_corrected_multiseed_20260919,242,Zone3,Open low-rise,05_ensemble,LightGBM,0.615,0.572,0.448,0.182,0.846,0.658,0.433
s14_pwp_corrected_multiseed_20260919,242,Zone3,Open low-rise,05_ensemble,AdaBoost,0.385,0.724,0.589,0.179,0.848,0.661,0.206
s14_pwp_corrected_multiseed_20260919,242,Zone3,Open low-rise,04_mlp,MLP,0.176,0.838,0.644,0.117,0.879,0.681,0.059
s14_pwp_corrected_multiseed_20260919,242,Zone4,Green-space-dominated,06_gwrf,GWRF,0.957,0.199,0.149,0.642,0.564,0.399,0.315
s14_pwp_corrected_multiseed_20260919,242,Zone4,Green-space-dominated,05_ensemble,GBDT,0.477,0.691,0.547,0.316,0.779,0.601,0.162
s14_pwp_corrected_multiseed_20260919,242,Zone4,Green-space-dominated,05_ensemble,ExtraTrees,0.527,0.657,0.514,0.311,0.782,0.601,0.216
s14_pwp_corrected_multiseed_20260919,242,Zone4,Green-space-dominated,05_ensemble,CatBoost,0.484,0.687,0.541,0.309,0.783,0.601,0.176
s14_pwp_corrected_multiseed_20260919,242,Zone4,Green-space-dominated,05_ensemble,XGBoost,0.516,0.665,0.526,0.308,0.784,0.603,0.208
s14_pwp_corrected_multiseed_20260919,242,Zone4,Green-space-dominated,05_ensemble,RandomForest,0.602,0.603,0.471,0.304,0.786,0.604,0.298
s14_pwp_corrected_multiseed_20260919,242,Zone4,Green-space-dominated,05_ensemble,LightGBM,0.569,0.628,0.491,0.297,0.79,0.607,0.273
s14_pwp_corrected_multiseed_20260919,242,Zone4,Green-space-dominated,01_linear,ElasticNet,0.302,0.799,0.623,0.271,0.804,0.622,0.03
s14_pwp_corrected_multiseed_20260919,242,Zone4,Green-space-dominated,01_linear,MLR,0.303,0.798,0.623,0.269,0.805,0.625,0.034
s14_pwp_corrected_multiseed_20260919,242,Zone4,Green-space-dominated,05_ensemble,AdaBoost,0.357,0.766,0.61,0.266,0.807,0.621,0.092
s14_pwp_corrected_multiseed_20260919,242,Zone4,Green-space-dominated,02_svr,SVR,0.446,0.712,0.557,0.259,0.811,0.623,0.187
s14_pwp_corrected_multiseed_20260919,242,Zone4,Green-space-dominated,03_knn,KNN,1.0,0.0,0.0,0.24,0.821,0.632,0.76
s14_pwp_corrected_multiseed_20260919,242,Zone4,Green-space-dominated,04_mlp,MLP,0.255,0.825,0.642,0.222,0.831,0.64,0.033
