Model,mean_rank,rank_sd_population,mean_rank_ties_average,mean_test_r2,mean_rmse,mean_mae,mean_gap,maximum_gap,maximum_train_r2,minimum_test_r2
GBDT,3.1666666666666665,2.511086528886561,3.25,0.3436666666666666,0.8450833333333333,0.657,0.24766666666666667,0.487,0.696,0.139
CatBoost,3.3333333333333335,2.173067468400883,3.3333333333333335,0.3476666666666666,0.8440833333333333,0.6555833333333333,0.24825,0.589,0.792,0.151
RandomForest,3.5833333333333335,1.7057907908715602,3.6666666666666665,0.3449166666666667,0.8463333333333334,0.658,0.3709166666666666,0.555,0.895,0.167
LightGBM,4.666666666666667,2.094967514996089,4.583333333333333,0.33666666666666667,0.8503333333333334,0.6601666666666667,0.3145833333333333,0.476,0.803,0.155
XGBoost,4.666666666666667,1.6499158227686108,4.666666666666667,0.33225,0.8530833333333333,0.6671666666666667,0.33108333333333334,0.492,0.765,0.145
AdaBoost,6.0,2.516611478423583,5.916666666666667,0.32666666666666666,0.8561666666666666,0.6665,0.15358333333333332,0.297,0.584,0.116
ElasticNet,6.0,2.273030282830976,6.0,0.3115,0.8685833333333334,0.6753333333333332,0.06341666666666666,0.169,0.541,0.148
MLR,6.583333333333333,2.5317429218272185,6.583333333333333,0.30541666666666667,0.8719166666666668,0.6776666666666666,0.07908333333333332,0.168,0.542,0.135
SVR,7.0,2.041241452319315,7.0,0.2996666666666667,0.87575,0.6773333333333333,0.11925000000000001,0.31,0.533,0.141
