Zone,Zone_Label,Model,n_seeds,Test_R2_mean,Test_R2_sd,Test_RMSE_mean,Test_MAE_mean,Overfitting_mean
Zone1,Compact,GWRF,3,0.6713333333333334,0.05765703195043368,0.5993333333333334,0.43166666666666664,0.19699999999999998
Zone1,Compact,CatBoost,3,0.44966666666666666,0.022052966542697443,0.7806666666666665,0.6083333333333334,0.141
Zone1,Compact,AdaBoost,3,0.4403333333333333,0.013503086067019401,0.7873333333333333,0.6106666666666667,0.11199999999999999
Zone1,Compact,ExtraTrees,3,0.4386666666666667,0.04649014232429634,0.7893333333333333,0.6150000000000001,0.18933333333333335
Zone1,Compact,GBDT,3,0.43733333333333335,0.027736858750286312,0.789,0.6196666666666667,0.214
Zone1,Compact,LightGBM,3,0.43533333333333335,0.029501412395567327,0.7906666666666666,0.6236666666666667,0.22033333333333335
Zone1,Compact,RandomForest,3,0.4343333333333333,0.016563010998406465,0.7923333333333332,0.6193333333333334,0.25533333333333336
Zone1,Compact,XGBoost,3,0.3993333333333333,0.04479211240088298,0.8136666666666666,0.6463333333333333,0.3093333333333333
Zone1,Compact,ElasticNet,3,0.36333333333333334,0.03323151115031232,0.8406666666666668,0.656,0.042666666666666665
Zone1,Compact,MLR,3,0.3416666666666666,0.024419937209856475,0.8536666666666667,0.6616666666666666,0.08733333333333333
Zone1,Compact,SVR,3,0.3336666666666666,0.05589573627150228,0.8583333333333334,0.6603333333333333,0.155
Zone1,Compact,KNN,3,0.322,0.017058722109231997,0.867,0.6693333333333333,0.14033333333333334
Zone1,Compact,MLP,3,-0.032999999999999995,0.20530708706715411,1.0606666666666666,0.8066666666666666,0.10966666666666668
Zone2,Open mid-/high-rise,GWRF,3,0.6676666666666667,0.045544849690533996,0.7466666666666667,0.5666666666666668,0.25866666666666666
Zone2,Open mid-/high-rise,GBDT,3,0.478,0.03958535082577898,0.9380000000000001,0.7360000000000001,0.21133333333333335
Zone2,Open mid-/high-rise,XGBoost,3,0.47100000000000003,0.03204684071792412,0.9443333333333334,0.742,0.26333333333333336
Zone2,Open mid-/high-rise,LightGBM,3,0.4646666666666666,0.04964205206609952,0.9500000000000001,0.7436666666666666,0.30433333333333334
Zone2,Open mid-/high-rise,RandomForest,3,0.4626666666666666,0.04754296302643887,0.9516666666666667,0.7466666666666667,0.3396666666666666
Zone2,Open mid-/high-rise,CatBoost,3,0.461,0.0343947670438397,0.9533333333333333,0.7466666666666667,0.22599999999999998
Zone2,Open mid-/high-rise,ExtraTrees,3,0.458,0.025709920264364847,0.9563333333333333,0.7506666666666666,0.3136666666666667
Zone2,Open mid-/high-rise,AdaBoost,3,0.4563333333333333,0.046317743180484636,0.957,0.758,0.12533333333333332
Zone2,Open mid-/high-rise,MLR,3,0.446,0.029816103031751126,0.9666666666666667,0.7623333333333333,0.08466666666666667
Zone2,Open mid-/high-rise,ElasticNet,3,0.442,0.03119294792096446,0.9700000000000001,0.7639999999999999,0.08666666666666667
Zone2,Open mid-/high-rise,SVR,3,0.43933333333333335,0.046231302526895474,0.9723333333333333,0.7629999999999999,0.08366666666666667
Zone2,Open mid-/high-rise,KNN,3,0.4166666666666667,0.01942506971244463,0.992,0.7746666666666666,0.4333333333333333
Zone2,Open mid-/high-rise,MLP,3,0.3353333333333333,0.04271221527073179,1.0583333333333333,0.8553333333333333,0.104
Zone3,Open low-rise,GWRF,3,0.48733333333333334,0.03426854728950926,0.6766666666666667,0.527,0.40233333333333327
Zone3,Open low-rise,RandomForest,3,0.21433333333333335,0.04750087718488295,0.8376666666666667,0.651,0.4976666666666667
Zone3,Open low-rise,ElasticNet,3,0.207,0.05900000000000002,0.8413333333333334,0.65,0.04533333333333334
Zone3,Open low-rise,MLR,3,0.20366666666666666,0.07166821703749393,0.8433333333333334,0.6536666666666667,0.06066666666666667
Zone3,Open low-rise,SVR,3,0.19933333333333333,0.062324420040088105,0.8456666666666667,0.6543333333333333,0.05566666666666667
Zone3,Open low-rise,CatBoost,3,0.19399999999999998,0.04750789408087881,0.8486666666666666,0.6596666666666667,0.42933333333333334
Zone3,Open low-rise,XGBoost,3,0.19333333333333333,0.053612809414666326,0.8486666666666668,0.6616666666666667,0.4643333333333333
Zone3,Open low-rise,ExtraTrees,3,0.19133333333333336,0.025106440076867388,0.8496666666666667,0.6556666666666667,0.6779999999999999
Zone3,Open low-rise,LightGBM,3,0.18600000000000003,0.03318132004607412,0.8526666666666666,0.6563333333333333,0.428
Zone3,Open low-rise,GBDT,3,0.17666666666666667,0.032654759734735965,0.8576666666666667,0.6623333333333333,0.357
Zone3,Open low-rise,AdaBoost,3,0.16933333333333334,0.04921720566360237,0.8613333333333334,0.6686666666666667,0.23966666666666667
Zone3,Open low-rise,KNN,3,0.15733333333333333,0.040501028793517496,0.8676666666666666,0.6676666666666667,0.5996666666666667
Zone3,Open low-rise,MLP,3,0.14966666666666667,0.039106691669499906,0.8713333333333333,0.6709999999999999,0.027999999999999997
Zone4,Green-space-dominated,GWRF,3,0.6096666666666667,0.029263173671584854,0.587,0.43100000000000005,0.31233333333333335
Zone4,Green-space-dominated,CatBoost,3,0.286,0.04784349485562274,0.7936666666666667,0.6076666666666667,0.19666666666666668
Zone4,Green-space-dominated,GBDT,3,0.2826666666666667,0.040918618419166275,0.7956666666666666,0.61,0.20833333333333334
Zone4,Green-space-dominated,ExtraTrees,3,0.2743333333333333,0.060928920336186285,0.8003333333333332,0.614,0.2273333333333333
Zone4,Green-space-dominated,RandomForest,3,0.2683333333333333,0.050143128475727695,0.8036666666666666,0.615,0.391
Zone4,Green-space-dominated,XGBoost,3,0.26533333333333337,0.05229085324732553,0.8056666666666666,0.6186666666666666,0.28733333333333333
Zone4,Green-space-dominated,LightGBM,3,0.26066666666666666,0.056976603385366274,0.8079999999999999,0.617,0.3056666666666667
Zone4,Green-space-dominated,AdaBoost,3,0.24066666666666667,0.047384948383778304,0.819,0.6286666666666667,0.13733333333333334
Zone4,Green-space-dominated,ElasticNet,3,0.2336666666666667,0.057873425104561886,0.8223333333333334,0.6313333333333334,0.079
Zone4,Green-space-dominated,MLR,3,0.23033333333333336,0.053715298875956496,0.824,0.633,0.08366666666666667
Zone4,Green-space-dominated,KNN,3,0.22966666666666669,0.048335632129241204,0.8246666666666668,0.6323333333333333,0.7703333333333333
Zone4,Green-space-dominated,SVR,3,0.22633333333333336,0.04500370355130046,0.8266666666666667,0.6316666666666667,0.18266666666666667
Zone4,Green-space-dominated,MLP,3,0.18866666666666668,0.04235957192103497,0.8466666666666667,0.6476666666666667,0.08566666666666667
