zone_id,PWP_C,density
Zone1,30.62613893058112,0.0033473142335953836
Zone1,30.647601240663672,0.0034686821072571683
Zone1,30.669063550746223,0.0035869172900013855
Zone1,30.69052586082877,0.0037024296562429104
Zone1,30.711988170911322,0.0038158436248376033
Zone1,30.733450480993874,0.003928006663390151
Zone1,30.754912791076425,0.004039994308836486
Zone1,30.776375101158976,0.004153111345538931
Zone1,30.797837411241524,0.004268888791531743
Zone1,30.819299721324075,0.0043890763590126655
Zone1,30.840762031406626,0.00451563008085533
Zone1,30.862224341489178,0.004650694835225752
Zone1,30.88368665157173,0.004796581559539303
Zone1,30.90514896165428,0.004955739026580909
Zone1,30.926611271736828,0.0051307201621412155
Zone1,30.94807358181938,0.005324143016028901
Zone1,30.96953589190193,0.005538646656052968
Zone1,30.990998201984482,0.00577684243478155
Zone1,31.012460512067033,0.006041261276766127
Zone1,31.03392282214958,0.006334297842676472
Zone1,31.055385132232132,0.006658152637868295
Zone1,31.076847442314683,0.00701477333634446
Zone1,31.098309752397235,0.007405796776017665
Zone1,31.119772062479786,0.007832493236418
Zone1,31.141234372562334,0.008295714724608593
Zone1,31.162696682644885,0.00879584905907345
Zone1,31.184158992727436,0.009332781546288934
Zone1,31.205621302809988,0.009905865984239353
Zone1,31.22708361289254,0.010513906597487918
Zone1,31.248545922975087,0.01115515230869108
Zone1,31.270008233057638,0.011827304483816897
Zone1,31.29147054314019,0.012527538958121625
Zone1,31.31293285322274,0.01325254276548111
Zone1,31.33439516330529,0.013998565566063386
Zone1,31.355857473387843,0.0147614853100431
Zone1,31.37731978347039,0.015536887203478943
Zone1,31.398782093552942,0.016320154573283584
Zone1,31.420244403635493,0.01710656977881139
Zone1,31.441706713718045,0.017891422905374075
Zone1,31.463169023800596,0.01867012561673484
Zone1,31.484631333883144,0.019438327254800797
Zone1,31.506093643965695,0.020192030068903244
Zone1,31.527555954048246,0.020927700345305254
Zone1,31.549018264130797,0.021642372198080368
Zone1,31.57048057421335,0.022333740880030113
Zone1,31.591942884295896,0.023000242678039583
Zone1,31.613405194378448,0.023641118768488744
Zone1,31.634867504461,0.024256460818453816
Zone1,31.65632981454355,0.02484723661697929
Zone1,31.6777921246261,0.025415294593539025
Zone1,31.69925443470865,0.02596334671045505
Zone1,31.7207167447912,0.026494929882135938
Zone1,31.742179054873752,0.02701434675391183
Zone1,31.763641364956303,0.02752658734280214
Zone1,31.785103675038854,0.028037233676899368
Zone1,31.806565985121402,0.028552350144584567
Zone1,31.828028295203953,0.029078362756162136
Zone1,31.849490605286505,0.02962193090762884
Zone1,31.870952915369056,0.0301898155013861
Zone1,31.892415225451607,0.030788747408138823
Zone1,31.91387753553416,0.03142530023939765
Zone1,31.935339845616706,0.03210577123788203
Zone1,31.956802155699258,0.03283607378670696
Zone1,31.97826446578181,0.03362164459662028
Zone1,31.99972677586436,0.034467368068857106
Zone1,32.02118908594691,0.03537751966997437
Zone1,32.04265139602946,0.03635572941975592
Zone1,32.06411370611201,0.03740496581308524
Zone1,32.085576016194565,0.03852753970336149
Zone1,32.10703832627711,0.039725126901430256
Zone1,32.12850063635966,0.04099880752278447
Zone1,32.149962946442216,0.04234911947766507
Zone1,32.17142525652476,0.04377612297124002
Zone1,32.19288756660732,0.04527947248719109
Zone1,32.214349876689866,0.04685849248510045
Zone1,32.235812186772414,0.04851225296091299
Zone1,32.25727449685497,0.050239641104258104
Zone1,32.278736806937516,0.05203942553336542
Zone1,32.30019911702007,0.05391030998738642
Zone1,32.32166142710262,0.05585097389039036
Zone1,32.34312373718517,0.05786009784870815
Zone1,32.36458604726772,0.059936372876329004
Zone1,32.38604835735027,0.06207849293108259
Zone1,32.407510667432824,0.06428513115438725
Zone1,32.42897297751537,0.06655490100560733
Zone1,32.45043528759792,0.06888630423544308
Zone1,32.471897597680474,0.07127766831979697
Zone1,32.49335990776302,0.07372707654808201
Zone1,32.51482221784558,0.07623229440376735
Zone1,32.536284527928125,0.07879069617098731
Zone1,32.55774683801067,0.08139919583600995
Zone1,32.57920914809323,0.08405418631897021
Zone1,32.600671458175775,0.0867514908690272
Zone1,32.62213376825833,0.08948633009076154
Zone1,32.64359607834088,0.09225330755350084
Zone1,32.665058388423425,0.09504641628667926
Zone1,32.68652069850598,0.097859067706823
Zone1,32.70798300858853,0.10068414368370679
Zone1,32.72944531867108,0.10351407156645827
Zone1,32.75090762875363,0.10634092108911959
Zone1,32.77236993883618,0.1091565211949542
Zone1,32.79383224891873,0.11195259399452535
Zone1,32.81529455900128,0.11472090233774863
Zone1,32.836756869083835,0.11745340686472307
Zone1,32.85821917916638,0.12014242792964563
Zone1,32.87968148924894,0.12278080748631173
Zone1,32.901143799331486,0.12536206589534146
Zone1,32.92260610941403,0.12788054866803017
Zone1,32.94406841949659,0.13033155839719243
Zone1,32.965530729579136,0.13271146753189583
Zone1,32.986993039661684,0.13501780821358117
Zone1,33.00845534974424,0.13724933608267428
Zone1,33.029917659826786,0.13940606575947403
Zone1,33.05137996990934,0.14148927656944238
Zone1,33.07284227999189,0.14350148798779205
Zone1,33.094304590074444,0.1454464051884274
Zone1,33.11576690015699,0.14732883596594495
Zone1,33.13722921023954,0.14915458112811303
Zone1,33.158691520322094,0.15093030120512255
Zone1,33.18015383040464,0.15266336297133773
Zone1,33.2016161404872,0.15436166981040958
Zone1,33.223078450569744,0.15603348036590053
Zone1,33.24454076065229,0.15768722020206255
Zone1,33.26600307073485,0.15933129135200486
Zone1,33.287465380817395,0.1609738846554641
Zone1,33.30892769089995,0.16262279969006213
Zone1,33.3303900009825,0.16428527688419511
Zone1,33.351852311065045,0.16596784607341278
Zone1,33.3733146211476,0.16767619533257805
Zone1,33.39477693123015,0.16941506339130383
Zone1,33.4162392413127,0.17118815832897535
Zone1,33.43770155139525,0.1729981045582962
Zone1,33.4591638614778,0.17484641935534354
Zone1,33.48062617156035,0.17673351939457682
Zone1,33.5020884816429,0.178658756918013
Zone1,33.523550791725455,0.18062048433092528
Zone1,33.545013101808,0.18261614519793534
Zone1,33.56647541189055,0.1846423888419591
Zone1,33.587937721973105,0.1866952050546301
Zone1,33.60940003205565,0.18877007484130162
Zone1,33.63086234213821,0.19086213267529667
Zone1,33.652324652220756,0.19296633544937547
Zone1,33.67378696230331,0.1950776332057543
Zone1,33.69524927238586,0.19719113680916373
Zone1,33.716711582468406,0.19930227800012837
Zone1,33.73817389255096,0.20140695771639455
Zone1,33.75963620263351,0.2035016791767219
Zone1,33.781098512716056,0.2055836629498726
Zone1,33.80256082279861,0.2076509420408046
Zone1,33.82402313288116,0.20970243586777654
Zone1,33.845485442963714,0.21173800282727065
Zone1,33.86694775304626,0.21375847189822444
Zone1,33.888410063128816,0.2157656543775329
Zone1,33.909872373211364,0.21776233732791161
Zone1,33.93133468329391,0.21975226063154368
Zone1,33.95279699337647,0.22174007966661774
Zone1,33.974259303459014,0.2237313155626696
Zone1,33.99572161354157,0.22573229476326553
Zone1,34.01718392362412,0.22775007926423393
Zone1,34.038646233706665,0.22979238844710356
Zone1,34.06010854378922,0.23186751294372138
Zone1,34.08157085387177,0.23398422050638845
Zone1,34.10303316395432,0.2361516534745509
Zone1,34.12449547403687,0.23837921717486654
Zone1,34.14595778411942,0.2406764585070753
Zone1,34.16742009420197,0.24305293408002482
Zone1,34.18888240428452,0.24551806758043856
Zone1,34.210344714367075,0.2480809965731202
Zone1,34.23180702444962,0.25075040961835254
Zone1,34.25326933453217,0.2535343754067517
Zone1,34.274731644614725,0.2564401664956445
Zone1,34.29619395469727,0.2594740811165853
Zone1,34.31765626477983,0.2626412673377708
Zone1,34.339118574862376,0.26594555453557506
Zone1,34.36058088494492,0.26938929759020047
Zone1,34.38204319502748,0.27297323941679563
Zone1,34.403505505110026,0.27669639733746426
Zone1,34.42496781519258,0.28055597837284046
Zone1,34.44643012527513,0.2845473277881645
Zone1,34.467892435357676,0.2886639141943719
Zone1,34.48935474544023,0.29289735322720256
Zone1,34.51081705552278,0.297237470373151
Zone1,34.53227936560533,0.3016724019610275
Zone1,34.55374167568788,0.3061887317816998
Zone1,34.57520398577043,0.31077165932899553
Zone1,34.596666295852984,0.31540519436087516
Zone1,34.61812860593553,0.32007237144095385
Zone1,34.639590916018086,0.32475547739991306
Zone1,34.661053226100634,0.3294362842974338
Zone1,34.68251553618319,0.3340962804882892
Zone1,34.70397784626574,0.3387168927956659
Zone1,34.725440156348284,0.34327969354162025
Zone1,34.74690246643084,0.347766587226188
Zone1,34.76836477651339,0.3521599729126251
Zone1,34.789827086595935,0.35644287978194256
Zone1,34.81128939667849,0.3605990747731861
Zone1,34.83275170676104,0.3646131426341147
Zone1,34.85421401684359,0.3684705399825326
Zone1,34.87567632692614,0.3721576260461491
Zone1,34.897138637008695,0.37566167355000873
Zone1,34.91860094709124,0.378970863717378
Zone1,34.94006325717379,0.38207426952795986
Zone1,34.961525567256345,0.38496183124501526
Zone1,34.98298787733889,0.38762432781141115
Zone1,35.00445018742145,0.3900533470739969
Zone1,35.025912497503995,0.3922412569908817
Zone1,35.04737480758654,0.3941811790822332
Zone1,35.0688371176691,0.39586696448022146
Zone1,35.090299427751646,0.3972931720942615
Zone1,35.1117617378342,0.3984550477019476
Zone1,35.13322404791675,0.39934850225976487
Zone1,35.154686357999296,0.3999700874400481
Zone1,35.17614866808185,0.40031696636199887
Zone1,35.1976109781644,0.40038687769563297
Zone1,35.21907328824695,0.400178091759572
Zone1,35.2405355983295,0.39968935787098564
Zone1,35.26199790841205,0.3989198429887432
Zone1,35.283460218494604,0.39786906255902654
Zone1,35.30492252857715,0.3965368053606063
Zone1,35.326384838659706,0.394923054988333
Zone1,35.347847148742254,0.3930279113451722
Zone1,35.3693094588248,0.3908515160802492
Zone1,35.390771768907356,0.388393986268683
Zone1,35.412234078989904,0.3856553607477149
Zone1,35.43369638907246,0.38263556338689386
Zone1,35.45515869915501,0.3793343871772326
Zone1,35.47662100923756,0.3757515023892567
Zone1,35.49808331932011,0.3718864912002456
Zone1,35.51954562940266,0.36773891016523935
Zone1,35.54100793948521,0.36330838075223404
Zone1,35.56247024956776,0.3585947069328608
Zone1,35.58393255965031,0.35359801757233417
Zone1,35.60539486973286,0.34831893015393706
Zone1,35.62685717981541,0.3427587312581869
Zone1,35.648319489897965,0.3369195682457224
Zone1,35.66978179998051,0.33080464580959085
Zone1,35.69124411006307,0.3244184205026221
Zone1,35.712706420145615,0.31776678603598335
Zone1,35.73416873022816,0.3108572421020766
Zone1,35.75563104031072,0.30369903970551065
Zone1,35.777093350393265,0.2963032964854939
Zone1,35.79855566047581,0.28868307626784373
Zone1,35.82001797055837,0.28085342807085173
Zone1,35.841480280640916,0.27283138097379056
Zone1,35.86294259072347,0.26463589259960096
Zone1,35.88440490080602,0.2562877504173284
Zone1,35.90586721088857,0.24780942658315963
Zone1,35.92732952097112,0.23922488855712248
Zone1,35.94879183105367,0.23055936919881698
Zone1,35.97025414113622,0.22183910140582455
Zone1,35.99171645121877,0.21309102355979956
Zone1,36.013178761301326,0.20434246304160716
Zone1,36.034641071383874,0.19562080582863375
Zone1,36.05610338146642,0.18695316066395207
Zone1,36.077565691548976,0.1783660264691318
Zone1,36.099028001631524,0.1698849715515157
Zone1,36.12049031171408,0.16153433273742437
Zone1,36.14195262179663,0.15333694186132557
Zone1,36.163414931879174,0.14531388608567003
Zone1,36.18487724196173,0.13748430735627823
Zone1,36.20633955204428,0.1298652449613799
Zone1,36.22780186212683,0.12247152371369424
Zone1,36.24926417220938,0.11531568877365707
Zone1,36.270726482291934,0.10840798663830073
Zone1,36.29218879237448,0.10175639039448992
Zone1,36.31365110245703,0.09536666603197896
Zone1,36.335113412539584,0.0892424754803331
Zone1,36.35657572262213,0.08338551111350644
Zone1,36.37803803270468,0.07779565578632763
Zone1,36.399500342787235,0.07247116204548969
Zone1,36.42096265286978,0.06740884399890923
Zone1,36.44242496295234,0.06260427542452623
Zone1,36.463887273034885,0.05805198803421329
Zone1,36.48534958311744,0.05374566435183526
Zone1,36.50681189319999,0.049678320380318185
Zone1,36.528274203282535,0.045842474077987874
Zone1,36.54973651336509,0.04223029659377638
Zone1,36.57119882344764,0.03883374417701688
Zone1,36.592661133530186,0.035644669635255484
Zone1,36.61412344361274,0.03265491312111648
Zone2,28.1060480341673,0.003174930383162712
Zone2,28.137566057470128,0.0032798526668432566
Zone2,28.16908408077295,0.003366434898992246
Zone2,28.200602104075777,0.003434024138806235
Zone2,28.232120127378604,0.0034825091106061175
Zone2,28.263638150681427,0.0035123259729698607
Zone2,28.295156173984253,0.0035244424484004518
Zone2,28.32667419728708,0.0035203215996878635
Zone2,28.358192220589903,0.003501867656667053
Zone2,28.38971024389273,0.0034713572074174274
Zone2,28.421228267195556,0.003431359706893825
Zone2,28.452746290498382,0.0033846515857767047
Zone2,28.484264313801205,0.0033341282552431196
Zone2,28.51578233710403,0.0032827180220576175
Zone2,28.547300360406858,0.0032333014030458728
Zone2,28.57881838370968,0.00318863863040523
Zone2,28.610336407012507,0.003151307354380752
Zone2,28.641854430315334,0.0031236517657951377
Zone2,28.673372453618157,0.003107743658837991
Zone2,28.704890476920983,0.003105355398727709
Zone2,28.73640850022381,0.003117944389303463
Zone2,28.767926523526633,0.0031466484631465265
Zone2,28.79944454682946,0.003192291622181636
Zone2,28.830962570132286,0.0032553996932609755
Zone2,28.86248059343511,0.0033362256635612753
Zone2,28.893998616737935,0.0034347846459655503
Zone2,28.92551664004076,0.0035508985161902436
Zone2,28.957034663343585,0.0036842501942655937
Zone2,28.98855268664641,0.0038344472685382463
Zone2,29.020070709949238,0.004001094166661228
Zone2,29.05158873325206,0.004183871385994538
Zone2,29.083106756554887,0.004382619461154172
Zone2,29.114624779857714,0.004597424454755858
Zone2,29.146142803160537,0.004828700915244371
Zone2,29.177660826463363,0.005077267568270091
Zone2,29.20917884976619,0.005344410605257756
Zone2,29.240696873069016,0.0056319293952251746
Zone2,29.27221489637184,0.005942159832768749
Zone2,29.303732919674665,0.006277971365476507
Zone2,29.335250942977492,0.006642734992454184
Zone2,29.366768966280315,0.0070402611231319395
Zone2,29.39828698958314,0.007474708025201055
Zone2,29.429805012885968,0.007950463537748201
Zone2,29.46132303618879,0.008472004630963202
Zone2,29.492841059491617,0.00904374110730431
Zone2,29.524359082794444,0.00966985112442677
Zone2,29.555877106097267,0.010354117166873
Zone2,29.587395129400093,0.011099771525354924
Zone2,29.61891315270292,0.011909360222702656
Zone2,29.650431176005743,0.012784633657663502
Zone2,29.68194919930857,0.013726471062262161
Zone2,29.713467222611396,0.014734844257117082
Zone2,29.74498524591422,0.015808824236969256
Zone2,29.776503269217045,0.016946631935586234
Zone2,29.80802129251987,0.018145732221838323
Zone2,29.839539315822698,0.019402967883865
Zone2,29.87105733912552,0.020714728177652464
Zone2,29.902575362428347,0.022077144553710085
Zone2,29.934093385731174,0.023486304524496994
Zone2,29.965611409033997,0.02493847337862772
Zone2,29.997129432336823,0.026430312656701715
Zone2,30.02864745563965,0.0279590840359571
Zone2,30.060165478942473,0.0295228275696272
Zone2,30.0916835022453,0.031120504116002555
Zone2,30.123201525548126,0.03275209327280294
Zone2,30.15471954885095,0.03441864017769874
Zone2,30.186237572153775,0.03612224708628843
Zone2,30.2177555954566,0.03786600859933914
Zone2,30.249273618759425,0.03965389264928667
Zone2,30.28079164206225,0.041490572704126545
Zone2,30.312309665365078,0.04338121990694364
Zone2,30.3438276886679,0.04533126682234428
Zone2,30.375345711970727,0.04734615687934173
Zone2,30.406863735273554,0.04943109526373376
Zone2,30.438381758576377,0.05159081772727133
Zone2,30.469899781879203,0.053829393396533746
Zone2,30.50141780518203,0.05615007609569111
Zone2,30.532935828484852,0.0585552159387583
Zone2,30.56445385178768,0.061046239085233926
Zone2,30.595971875090505,0.06362369877323135
Zone2,30.62748989839333,0.06628739532778471
Zone2,30.659007921696155,0.06903655715593288
Zone2,30.69052594499898,0.0718700692165334
Zone2,30.722043968301808,0.07478673055932894
Zone2,30.75356199160463,0.07778551873063934
Zone2,30.785080014907457,0.0808658365646143
Zone2,30.816598038210284,0.0840277164540396
Zone2,30.848116061513107,0.08727195882971146
Zone2,30.879634084815933,0.09060018531716646
Zone2,30.91115210811876,0.09401479274596884
Zone2,30.942670131421583,0.09751880153336562
Zone2,30.97418815472441,0.10111560044879839
Zone2,31.005706178027236,0.10480859874225162
Zone2,31.03722420133006,0.1086008053460086
Zone2,31.068742224632885,0.11249436256114881
Zone2,31.10026024793571,0.11649006757959599
Zone2,31.131778271238538,0.1205869187414295
Zone2,31.16329629454136,0.1247817241322682
Zone2,31.194814317844187,0.12906880776116528
Zone2,31.226332341147014,0.13343984316060503
Zone2,31.257850364449837,0.13788383612196164
Zone2,31.289368387752663,0.1423872679808628
Zone2,31.32088641105549,0.14693439916871173
Zone2,31.352404434358313,0.1515077205701526
Zone2,31.38392245766114,0.15608852856367697
Zone2,31.415440480963966,0.16065758945003236
Zone2,31.44695850426679,0.1651958511635808
Zone2,31.478476527569615,0.1696851554060128
Zone2,31.50999455087244,0.17410890208573324
Zone2,31.541512574175265,0.17845262034927514
Zone2,31.57303059747809,0.18270440641151917
Zone2,31.604548620780918,0.1868551973979053
Zone2,31.63606664408374,0.19089886182092056
Zone2,31.667584667386567,0.19483210024928754
Zone2,31.699102690689394,0.19865416319933957
Zone2,31.730620713992217,0.20236640625999508
Zone2,31.762138737295043,0.2059717139849267
Zone2,31.79365676059787,0.20947383330934458
Zone2,31.825174783900692,0.21287666353169638
Zone2,31.85669280720352,0.2161835528407114
Zone2,31.888210830506345,0.2193966508266919
Zone2,31.91972885380917,0.22251636251458304
Zone2,31.951246877111995,0.2255409425542019
Zone2,31.98276490041482,0.22846625885385932
Zone2,32.014282923717644,0.2312857438412287
Zone2,32.045800947020474,0.23399053945172169
Zone2,32.0773189703233,0.2365698296693944
Zone2,32.10883699362612,0.2390113427300096
Zone2,32.14035501692895,0.24130199460989865
Zone2,32.17187304023177,0.24342863672370596
Zone2,32.203391063534596,0.24537886426400352
Zone2,32.234909086837426,0.24714183762465436
Zone2,32.26642711014025,0.24870906801330683
Zone2,32.29794513344307,0.25007511970770635
Zone2,32.3294631567459,0.25123818536281206
Zone2,32.360981180048725,0.25220049714224263
Zone2,32.39249920335155,0.2529685449392939
Zone2,32.42401722665438,0.2535530831831268
Zone2,32.4555352499572,0.25396891921281056
Zone2,32.487053273260024,0.25423448837423057
Zone2,32.518571296562854,0.2543712332036265
Zone2,32.55008931986568,0.25440281560384126
Zone2,32.5816073431685,0.254354201073823
Zone2,32.61312536647133,0.25425066212645153
Zone2,32.64464338977415,0.2541167534181136
Zone2,32.676161413076976,0.2539753133555706
Zone2,32.707679436379806,0.2538465457830066
Zone2,32.73919745968263,0.2537472307706052
Zone2,32.77071548298545,0.2536901057777633
Zone2,32.80223350628828,0.25368344806305665
Zone2,32.833751529591105,0.25373087690146007
Zone2,32.865269552893935,0.25383138085647033
Zone2,32.89678757619676,0.2539795620348989
Zone2,32.92830559949958,0.25416607690944065
Zone2,32.9598236228024,0.2543782428076412
Zone2,32.991341646105234,0.25460077122543356
Zone2,33.02285966940806,0.2548165841678793
Zone2,33.05437769271089,0.25500766790549195
Zone2,33.08589571601371,0.2551559197371988
Zone2,33.11741373931653,0.25524394719887183
Zone2,33.148931762619355,0.2552557850908569
Zone2,33.180449785922185,0.25517750304953135
Zone2,33.21196780922501,0.2549976844586332
Zone2,33.24348583252784,0.25470776563488434
Zone2,33.27500385583066,0.2543022318851946
Zone2,33.306521879133484,0.2537786738200971
Zone2,33.338039902436314,0.25313771297758053
Zone2,33.36955792573914,0.25238281026778997
Zone2,33.40107594904196,0.25151997401478476
Zone2,33.43259397234479,0.2505573865488608
Zone2,33.46411199564761,0.24950496953223705
Zone2,33.495630018950436,0.24837390862549452
Zone2,33.527148042253266,0.2471761578436893
Zone2,33.55866606555609,0.2459239430989818
Zone2,33.59018408885891,0.24462928304093243
Zone2,33.62170211216174,0.24330354342979135
Zone2,33.653220135464565,0.24195703895756343
Zone2,33.68473815876739,0.24059869373150983
Zone2,33.71625618207022,0.2392357686526215
Zone2,33.74777420537304,0.23787366079071123
Zone2,33.779292228675864,0.23651577674026167
Zone2,33.810810251978694,0.2351634790118984
Zone2,33.84232827528152,0.2338161019384366
Zone2,33.87384629858434,0.23247103148345602
Zone2,33.90536432188717,0.23112384181190726
Zone2,33.93688234518999,0.22976848052703416
Zone2,33.968400368492816,0.22839749403837206
Zone2,33.999918391795646,0.22700228448517784
Zone2,34.03143641509847,0.22557338984380204
Zone2,34.06295443840129,0.22410077913076826
Zone2,34.09447246170412,0.2225741548299341
Zone2,34.125990485006945,0.22098325472328095
Zone2,34.157508508309775,0.2193181451591996
Zone2,34.1890265316126,0.21756949749411134
Zone2,34.22054455491542,0.2157288391090804
Zone2,34.25206257821824,0.21378877020348214
Zone2,34.283580601521074,0.21174313770010503
Zone2,34.3150986248239,0.209587158250319
Zone2,34.34661664812673,0.2073174836511998
Zone2,34.37813467142955,0.20493220405243065
Zone2,34.40965269473237,0.2024307871175889
Zone2,34.441170718035195,0.1998139546868932
Zone2,34.472688741338025,0.19708350224358437
Zone2,34.50420676464085,0.19424207031425872
Zone2,34.53572478794368,0.1912928804900444
Zone2,34.5672428112465,0.18823945169123016
Zone2,34.598760834549324,0.18508531430034178
Zone2,34.63027885785215,0.18183374062057428
Zone2,34.66179688115498,0.17848750964539242
Zone2,34.6933149044578,0.17504872234050162
Zone2,34.72483292776063,0.1715186806545736
Zone2,34.75635095106345,0.1678978395153664
Zone2,34.787868974366276,0.16418583644498652
Zone2,34.819386997669106,0.16038159850652664
Zone2,34.85090502097193,0.15648352145256048
Zone2,34.88242304427475,0.15248971153860094
Zone2,34.91394106757758,0.14839827678966858
Zone2,34.945459090880405,0.14420765178298076
Zone2,34.97697711418323,0.13991693835881222
Zone2,35.00849513748606,0.13552624412411707
Zone2,35.04001316078888,0.1310370011131123
Zone2,35.071531184091704,0.12645224839032695
Zone2,35.103049207394534,0.12177686455192076
Zone2,35.13456723069736,0.11701773880335917
Zone2,35.16608525400018,0.11218387236572773
Zone2,35.19760327730301,0.10728640520284555
Zone2,35.22912130060583,0.10233856630538457
Zone2,35.260639323908656,0.09735554888537286
Zone2,35.292157347211486,0.09235431472327235
Zone2,35.32367537051431,0.08735333449467779
Zone2,35.35519339381713,0.08237227312852038
Zone2,35.38671141711996,0.07743163107063306
Zone2,35.418229440422785,0.07255235371096772
Zone2,35.44974746372561,0.06775542215106889
Zone2,35.48126548702844,0.06306143891815852
Zone2,35.51278351033126,0.05849022216010231
Zone2,35.54430153363408,0.05406042128203196
Zone2,35.575819556936914,0.049789165929270345
Zone2,35.60733758023974,0.04569175872318858
Zone2,35.63885560354257,0.04178142028142759
Zone2,35.67037362684539,0.03806909288851921
Zone2,35.70189165014821,0.03456330683244468
Zone2,35.733409673451035,0.0312701110035399
Zone2,35.764927696753865,0.028193066982863422
Zone2,35.79644572005669,0.025333303639475002
Zone2,35.82796374335952,0.022689627305769636
Zone2,35.85948176666234,0.020258680980476753
Zone2,35.890999789965164,0.018035144766767992
Zone2,35.92251781326799,0.016011968907481716
Zone2,35.95403583657082,0.014180630324611638
Zone2,35.98555385987364,0.012531403479507305
Zone2,36.01707188317647,0.011053636602906595
Zone2,36.04858990647929,0.009736024851922646
Zone2,36.080107929782116,0.008566872685109576
Zone2,36.11162595308494,0.0075343386609562
Zone2,36.14314397638777,0.006626656919756045
Zone2,36.17466199969059,0.005832330770361887
Zone2,36.20618002299342,0.005140295043092397
Zone2,36.237698046296245,0.004540045161058888
Zone2,36.26921606959907,0.004021732195659932
Zone2,36.30073409290189,0.0035762244744760464
Zone2,36.33225211620472,0.003195137561067887
Zone2,36.363770139507544,0.002870835579337126
Zone2,36.395288162810374,0.002596407858365837
Zone2,36.4268061861132,0.002365625674200351
Zone2,36.45832420941602,0.00217288441416943
Zone2,36.48984223271885,0.002013136748304659
Zone2,36.52136025602167,0.0018818223381152034
Zone2,36.552878279324496,0.0017747992423982524
Zone2,36.584396302627326,0.0016882815128649222
Zone2,36.61591432593015,0.0016187865523273164
Zone2,36.64743234923297,0.0015630946993374821
Zone2,36.6789503725358,0.0015182222862936742
Zone2,36.710468395838625,0.001481408183833279
Zone2,36.741986419141455,0.0014501126855055106
Zone2,36.77350444244428,0.0014220265895959362
Zone2,36.8050224657471,0.0013950875716648053
Zone2,36.83654048904992,0.0013675004632092767
Zone2,36.868058512352754,0.0013377578849568612
Zone2,36.89957653565558,0.0013046578265097993
Zone3,28.75966755948583,0.0023957876503862847
Zone3,28.78296689621152,0.002389630393243559
Zone3,28.806266232937208,0.0023648405624387566
Zone3,28.829565569662893,0.0023224954648210913
Zone3,28.852864906388582,0.002264207038541321
Zone3,28.87616424311427,0.0021920812474119657
Zone3,28.89946357983996,0.002108661520920126
Zone3,28.922762916565645,0.002016859622717593
Zone3,28.946062253291334,0.0019198778649351807
Zone3,28.969361590017023,0.0018211268349818525
Zone3,28.992660926742712,0.0017241427641102997
Zone3,29.015960263468397,0.0016325083660251039
Zone3,29.039259600194086,0.0015497804530382364
Zone3,29.062558936919775,0.0014794269556285958
Zone3,29.085858273645464,0.0014247751956065187
Zone3,29.10915761037115,0.001388972460891942
Zone3,29.132456947096838,0.0013749591623994162
Zone3,29.155756283822527,0.0013854541701701023
Zone3,29.179055620548215,0.001422951360928384
Zone3,29.2023549572739,0.0014897259803930282
Zone3,29.22565429399959,0.001587849133186688
Zone3,29.24895363072528,0.0017192085508056024
Zone3,29.272252967450967,0.0018855337354184286
Zone3,29.295552304176653,0.0020884236126133045
Zone3,29.31885164090234,0.0023293749294299084
Zone3,29.34215097762803,0.0026098097900187655
Zone3,29.36545031435372,0.0029311009220726637
Zone3,29.388749651079404,0.0032945935118035754
Zone3,29.412048987805093,0.0037016227376440104
Zone3,29.435348324530782,0.004153526478090282
Zone3,29.45864766125647,0.004651653068447562
Zone3,29.481946997982156,0.005197364427146816
Zone3,29.505246334707845,0.005792035344309609
Zone3,29.528545671433534,0.0064370501876328
Zone3,29.551845008159223,0.0071337986830218615
Zone3,29.575144344884908,0.007883672708072113
Zone3,29.598443681610597,0.00868806612946555
Zone3,29.621743018336286,0.009548379559539922
Zone3,29.645042355061975,0.010466031457562872
Zone3,29.66834169178766,0.011442476239523698
Zone3,29.69164102851335,0.012479229005001098
Zone3,29.714940365239038,0.013577895202098868
Zone3,29.738239701964726,0.014740202136909233
Zone3,29.761539038690415,0.015968027837328074
Zone3,29.7848383754161,0.01726342157607945
Zone3,29.80813771214179,0.01862860953052019
Zone3,29.83143704886748,0.020065978784710402
Zone3,29.854736385593164,0.021578033308201072
Zone3,29.878035722318852,0.023167316767422036
Zone3,29.90133505904454,0.024836299057342227
Zone3,29.92463439577023,0.02658722621439592
Zone3,29.94793373249592,0.028421936726757458
Zone3,29.971233069221604,0.03034165094998002
Zone3,29.994532405947293,0.032346744050886986
Zone3,30.017831742672982,0.034436516283604335
Zone3,30.04113107939867,0.036608977082179944
Zone3,30.064430416124356,0.03886066109561505
Zone3,30.087729752850045,0.041186494620199625
Zone3,30.111029089575734,0.043579729726727835
Zone3,30.134328426301423,0.046031960687263104
Zone3,30.157627763027108,0.04853323316713046
Zone3,30.180927099752797,0.051072251291631565
Zone3,30.204226436478486,0.05363668147811917
Zone3,30.227525773204174,0.056213545295402706
Zone3,30.25082510992986,0.0587896870872989
Zone3,30.27412444665555,0.061352296203700196
Zone3,30.297423783381237,0.06388945891594859
Zone3,30.320723120106926,0.06639071186972238
Zone3,30.34402245683261,0.06884756754595553
Zone3,30.3673217935583,0.07125398281027066
Zone3,30.39062113028399,0.07360674422440132
Zone3,30.413920467009678,0.07590574819888987
Zone3,30.437219803735363,0.07815415996868562
Zone3,30.460519140461052,0.08035844233808101
Zone3,30.48381847718674,0.08252825265494215
Zone3,30.50711781391243,0.08467621398744968
Zone3,30.530417150638115,0.08681757345195226
Zone3,30.553716487363804,0.08896976659616723
Zone3,30.577015824089493,0.0911519112896861
Zone3,30.60031516081518,0.09338425744813379
Zone3,30.62361449754087,0.09568761999284343
Zone3,30.646913834266556,0.09808282174361344
Zone3,30.670213170992245,0.10059017061396276
Zone3,30.693512507717934,0.1032289917995825
Zone3,30.71681184444362,0.10601723098383063
Zone3,30.740111181169308,0.10897113934512107
Zone3,30.763410517894997,0.11210504577116774
Zone3,30.786709854620685,0.11543121657249547
Zone3,30.810009191346374,0.11895979849242282
Zone3,30.83330852807206,0.12269883719697011
Zone3,30.85660786479775,0.1266543608545637
Zone3,30.879907201523437,0.13083051692721648
Zone3,30.903206538249123,0.13522974982731706
Zone3,30.92650587497481,0.13985300748640922
Zone3,30.9498052117005,0.1446999659022417
Zone3,30.97310454842619,0.14976926210520466
Zone3,30.996403885151878,0.15505872743688084
Zone3,31.019703221877563,0.16056561431373403
Zone3,31.043002558603252,0.16628681057013472
Zone3,31.06630189532894,0.17221903593379284
Zone3,31.08960123205463,0.17835901517680414
Zone3,31.112900568780315,0.1847036220982936
Zone3,31.136199905506004,0.19124998790724765
Zone3,31.159499242231693,0.19799556702569293
Zone3,31.18279857895738,0.20493815309212132
Zone3,31.206097915683067,0.21207583827422827
Zone3,31.229397252408756,0.21940691011363384
Zone3,31.252696589134445,0.22692968215791898
Zone3,31.275995925860133,0.23464225761452856
Zone3,31.29929526258582,0.24254222909299955
Zone3,31.322594599311508,0.25062632197062396
Zone3,31.345893936037196,0.25888999369685023
Zone3,31.369193272762885,0.2673270060368805
Zone3,31.39249260948857,0.2759289913929305
Zone3,31.41579194621426,0.28468503748057306
Zone3,31.43909128293995,0.2935813163711841
Zone3,31.462390619665637,0.3026007839237078
Zone3,31.485689956391322,0.3117229737311504
Zone3,31.50898929311701,0.3209239058646967
Zone3,31.5322886298427,0.330176125043534
Zone3,31.55558796656839,0.33944887568980586
Zone3,31.578887303294074,0.34870841309279615
Zone3,31.602186640019763,0.3579184411720434
Zone3,31.625485976745452,0.3670406587403788
Zone3,31.64878531347114,0.3760353883994455
Zone3,31.67208465019683,0.38486225590074685
Zone3,31.695383986922515,0.3934808835448881
Zone3,31.718683323648204,0.40185155941093653
Zone3,31.741982660373893,0.40993584517568155
Zone3,31.765281997099578,0.4176970890659751
Zone3,31.788581333825267,0.4251008169347304
Zone3,31.811880670550956,0.4321149831933877
Zone3,31.835180007276644,0.43871007380255644
Zone3,31.858479344002333,0.4448590649854244
Zone3,31.88177868072802,0.4505372529406118
Zone3,31.905078017453707,0.4557219806969708
Zone3,31.928377354179396,0.4603922974972399
Zone3,31.95167669090508,0.46452859293697174
Zone3,31.97497602763077,0.4681122518941399
Zone3,31.99827536435646,0.4711253766516821
Zone3,32.021574701082145,0.4735506193805091
Zone3,32.04487403780784,0.4753711614255588
Zone3,32.06817337453352,0.47657086599995047
Zone3,32.091472711259215,0.47713461855956335
Zone3,32.1147720479849,0.47704885511297446
Zone3,32.138071384710585,0.47630226396246195
Zone3,32.16137072143628,0.47488663187489083
Zone3,32.18467005816196,0.47279779244013886
Zone3,32.20796939488765,0.470036623302836
Zone3,32.23126873161334,0.46661003082563973
Zone3,32.254568068339026,0.4625318561493995
Zone3,32.27786740506472,0.45782363593314895
Zone3,32.301166741790404,0.4525151544305634
Zone3,32.32446607851609,0.4466447309036696
Zone3,32.34776541524178,0.44025919738301456
Zone3,32.37106475196747,0.433413535947336
Zone3,32.39436408869315,0.4261701613302352
Zone3,32.417663425418844,0.4185978529344289
Zone3,32.44096276214453,0.4107703593018392
Zone3,32.46426209887022,0.4027647167322682
Zone3,32.48756143559591,0.3946593410170445
Zone3,32.51086077232159,0.3865319661284519
Zone3,32.534160109047285,0.37845751522790905
Zone3,32.55745944577297,0.37050599670539425
Zone3,32.58075878249866,0.3627405205142438
Zone3,32.60405811922435,0.35521552744346063
Zone3,32.62735745595003,0.3479753160959918
Zone3,32.650656792675726,0.34105293946711657
Zone3,32.67395612940141,0.33446952573015926
Zone3,32.697255466127096,0.3282340570479115
Zone3,32.72055480285279,0.3223436171233823
Zone3,32.743854139578474,0.3167840941737812
Zone3,32.76715347630416,0.31153130255715966
Zone3,32.79045281302985,0.3065524649006184
Zone3,32.81375214975554,0.3018079786536023
Zone3,32.83705148648123,0.29725337767160565
Zone3,32.860350823206915,0.29284139155302435
Zone3,32.8836501599326,0.28852400344052725
Zone3,32.90694949665829,0.28425441086658054
Zone3,32.93024883338398,0.2799888035534249
Zone3,32.95354817010967,0.27568788606807476
Zone3,32.976847506835355,0.2713180907677318
Zone3,33.00014684356104,0.26685244622150534
Zone3,33.02344618028673,0.2622710868338638
Zone3,33.04674551701242,0.2575614093184329
Zone3,33.0700448537381,0.25271789970651953
Zone3,33.093344190463796,0.24774166968184996
Zone3,33.11664352718948,0.24263975246926522
Zone3,33.13994286391517,0.23742421586645648
Zone3,33.16324220064086,0.2321111532341031
Zone3,33.186541537366544,0.22671961260830756
Zone3,33.20984087409224,0.2212705200932505
Zone3,33.23314021081792,0.2157856470471529
Zone3,33.25643954754361,0.21028666211478678
Zone3,33.2797388842693,0.20479429973178578
Zone3,33.303038220994985,0.19932766711803337
Zone3,33.32633755772068,0.1939037026551094
Zone3,33.34963689444636,0.18853679040244828
Zone3,33.37293623117205,0.18323852865255424
Zone3,33.39623556789774,0.17801764497152206
Zone3,33.419534904623426,0.17288004606197302
Zone3,33.44283424134912,0.16782898783879308
Zone3,33.4661335780748,0.1628653490637272
Zone3,33.48943291480049,0.15798799046082296
Zone3,33.51273225152618,0.15319418018041608
Zone3,33.536031588251866,0.14848006561598284
Zone3,33.55933092497755,0.1438411708286804
Zone3,33.582630261703244,0.1392728982311444
Zone3,33.60592959842893,0.13477101285766166
Zone3,33.629228935154615,0.13033208770889854
Zone3,33.65252827188031,0.1259538895452729
Zone3,33.67582760860599,0.12163568633887512
Zone3,33.699126945331685,0.11737846054163677
Zone3,33.72242628205737,0.1131850164436802
Zone3,33.745725618783055,0.10905997510203563
Zone3,33.76902495550875,0.10500965639066034
Zone3,33.79232429223443,0.1010418542928302
Zone3,33.815623628960125,0.09716551815037587
Zone3,33.83892296568581,0.09339035865856017
Zone3,33.862222302411496,0.08972640240016547
Zone3,33.88552163913719,0.08618352215237525
Zone3,33.908820975862874,0.08277097169578448
Zone3,33.93212031258856,0.07949695319409872
Zone3,33.95541964931425,0.07636824238389449
Zone3,33.97871898603994,0.07338989201712878
Zone3,34.00201832276562,0.07056502763615656
Zone3,34.025317659491314,0.06789474239785585
Zone3,34.048616996217,0.06537808997497103
Zone3,34.07191633294269,0.06301216726330218
Zone3,34.09521566966838,0.060792272391257084
Zone3,34.11851500639406,0.05871211893270769
Zone3,34.141814343119755,0.056764084664373694
Zone3,34.16511367984544,0.05493947287078878
Zone3,34.18841301657113,0.05322876603667855
Zone3,34.21171235329682,0.0516218555055928
Zone3,34.2350116900225,0.050108235857433965
Zone3,34.258311026748196,0.04867715875713971
Zone3,34.28161036347388,0.04731774716905822
Zone3,34.30490970019957,0.04601907643462931
Zone3,34.32820903692526,0.04477023316784323
Zone3,34.351508373650944,0.043560365765396014
Zone3,34.374807710376636,0.04237874127498181
Zone3,34.39810704710232,0.04121482234666157
Zone3,34.42140638382801,0.04005837515460172
Zone3,34.4447057205537,0.03889961485958036
Zone3,34.468005057279385,0.03772938987901423
Zone3,34.49130439400507,0.03653940053003253
Zone3,34.51460373073076,0.03532244213331727
Zone3,34.53790306745645,0.034072657998194755
Zone3,34.56120240418214,0.03278578434662875
Zone3,34.584501740907825,0.03145936752799734
Zone3,34.60780107763351,0.030092934008485665
Zone3,34.6311004143592,0.028688095585290348
Zone3,34.65439975108489,0.027248575896324734
Zone3,34.67769908781058,0.025780149238533424
Zone3,34.700998424536266,0.024290488526350764
Zone3,34.72429776126195,0.022788925404424617
Zone3,34.747597097987644,0.021286131549007922
Zone3,34.77089643471333,0.019793735558458682
Zone3,34.794195771439014,0.01832389413089354
Zone3,34.81749510816471,0.016888839151787842
Zone3,34.84079444489039,0.015500423691410827
Zone3,34.86409378161608,0.014169689702294964
Zone3,34.88739311834177,0.012906478499964994
Zone3,34.910692455067455,0.011719102106214742
Zone3,34.93399179179315,0.010614089518254015
Zone3,34.95729112851883,0.009596017277770945
Zone3,34.98059046524452,0.008667428711506366
Zone3,35.00388980197021,0.007828841250678823
Zone3,35.027189138695896,0.007078836626989949
Zone3,35.05048847542159,0.006414224749886844
Zone3,35.07378781214727,0.005830268887879727
Zone3,35.09708714887296,0.005320957527649238
Zone3,35.12038648559865,0.004879307017965846
Zone3,35.143685822324336,0.004497678804379786
Zone3,35.16698515905002,0.004168095652082554
Zone3,35.190284495775714,0.0038825426206777207
Zone3,35.2135838325014,0.003633240546584829
Zone3,35.23688316922709,0.0034128822382587976
Zone3,35.26018250595278,0.0032148243208681314
Zone4,26.30059167552211,0.0016447967033103176
Zone4,26.33341861360033,0.0017320961931442567
Zone4,26.36624555167855,0.0017949997549831047
Zone4,26.39907248975677,0.0018310576207920448
Zone4,26.43189942783499,0.0018388713453000272
Zone4,26.464726365913208,0.0018181494750597875
Zone4,26.497553303991427,0.0017697223445493578
Zone4,26.530380242069647,0.0016955182991136898
Zone4,26.563207180147867,0.0015984984179927104
Zone4,26.59603411822609,0.0014825439008492461
Zone4,26.62886105630431,0.0013522919482036914
Zone4,26.66168799438253,0.0012129226537243467
Zone4,26.69451493246075,0.0010699095346103898
Zone4,26.727341870538968,0.000928756733977355
Zone4,26.760168808617188,0.0007947530594235329
Zone4,26.792995746695407,0.0006727740573108222
Zone4,26.825822684773627,0.0005671571404024906
Zone4,26.858649622851846,0.00048166231688385764
Zone4,26.891476560930066,0.00041951499306832235
Zone4,26.924303499008285,0.0003835112671316225
Zone4,26.957130437086505,0.0003761536523433069
Zone4,26.989957375164725,0.0003997788482294975
Zone4,27.022784313242944,0.0004566400868257618
Zone4,27.055611251321164,0.000548914197382452
Zone4,27.088438189399383,0.0006786160797864014
Zone4,27.121265127477603,0.0008474183157367589
Zone4,27.154092065555822,0.0010563887251477653
Zone4,27.186919003634046,0.0013056718439886901
Zone4,27.219745941712265,0.001594150369682424
Zone4,27.252572879790485,0.001919129122327344
Zone4,27.285399817868704,0.0022760869738271605
Zone4,27.318226755946924,0.0026585415219001385
Zone4,27.351053694025143,0.0030580667832976758
Zone4,27.383880632103363,0.003464495249368574
Zone4,27.416707570181583,0.0038663215686166137
Zone4,27.449534508259802,0.00425130557423923
Zone4,27.48236144633802,0.004607248063616146
Zone4,27.51518838441624,0.004922885872559338
Zone4,27.54801532249446,0.00518882717536255
Zone4,27.58084226057268,0.005398428526308268
Zone4,27.6136691986509,0.005548507052583755
Zone4,27.64649613672912,0.005639788425290509
Zone4,27.67932307480734,0.005677015450516865
Zone4,27.71215001288556,0.005668681822174414
Zone4,27.744976950963782,0.005626405844478881
Zone4,27.777803889042,0.005564011970446144
Zone4,27.81063082712022,0.005496434351358799
Zone4,27.84345776519844,0.005438586821749404
Zone4,27.87628470327666,0.005404350385790951
Zone4,27.90911164135488,0.005405808647067655
Zone4,27.9419385794331,0.005452815226146321
Zone4,27.97476551751132,0.005552912236603019
Zone4,28.00759245558954,0.005711547602780405
Zone4,28.040419393667758,0.005932476741381157
Zone4,28.073246331745977,0.006218196123609432
Zone4,28.106073269824197,0.006570253779338736
Zone4,28.138900207902417,0.006989318735313931
Zone4,28.171727145980636,0.007474961952337995
Zone4,28.204554084058856,0.008025190416214642
Zone4,28.237381022137075,0.008635862002343507
Zone4,28.270207960215295,0.009300168505229632
Zone4,28.303034898293518,0.010008389392218268
Zone4,28.335861836371734,0.010748081052824586
Zone4,28.368688774449957,0.0115047803467715
Zone4,28.401515712528177,0.012263184709674992
Zone4,28.434342650606396,0.013008650625157115
Zone4,28.467169588684616,0.013728757335984002
Zone4,28.499996526762835,0.014414638184308694
Zone4,28.532823464841055,0.01506180212347429
Zone4,28.565650402919275,0.01567025239225716
Zone4,28.598477340997494,0.016243842851457975
Zone4,28.631304279075714,0.016788967952388753
Zone4,28.664131217153933,0.01731282648267377
Zone4,28.696958155232153,0.01782159985605137
Zone4,28.729785093310372,0.018318918635394477
Zone4,28.762612031388592,0.018804945837607494
Zone4,28.79543896946681,0.019276288772400393
Zone4,28.82826590754503,0.019726785402067362
Zone4,28.86109284562325,0.02014903124920755
Zone4,28.89391978370147,0.020536358222528486
Zone4,28.926746721779693,0.020884882468252097
Zone4,28.959573659857913,0.021195226360960256
Zone4,28.992400597936133,0.021473592585871473
Zone4,29.025227536014352,0.02173200780016311
Zone4,29.05805447409257,0.02198772496644496
Zone4,29.09088141217079,0.02226193505590359
Zone4,29.12370835024901,0.022578052429665357
Zone4,29.15653528832723,0.02295988049845309
Zone4,29.18936222640545,0.02342993285867314
Zone4,29.22218916448367,0.024008098431238703
Zone4,29.25501610256189,0.02471072975168089
Zone4,29.28784304064011,0.025550137176313187
Zone4,29.32066997871833,0.02653441555527385
Zone4,29.353496916796548,0.02766752416133861
Zone4,29.386323854874767,0.028949576446636847
Zone4,29.419150792952987,0.030377349830744884
Zone4,29.451977731031207,0.03194506806138864
Zone4,29.48480466910943,0.033645515998249956
Zone4,29.517631607187646,0.03547150912734986
Zone4,29.55045854526587,0.03741766508834763
Zone4,29.58328548334409,0.03948233369948576
Zone4,29.616112421422308,0.04166946372496878
Zone4,29.648939359500528,0.04399014421189887
Zone4,29.681766297578747,0.04646356959947571
Zone4,29.714593235656967,0.04911723961167551
Zone4,29.747420173735186,0.05198630179039069
Zone4,29.780247111813406,0.055112052851547896
Zone4,29.813074049891625,0.058539711289532566
Zone4,29.845900987969845,0.06231564170896474
Zone4,29.878727926048064,0.06648424674295465
Zone4,29.911554864126284,0.07108475180433743
Zone4,29.944381802204504,0.07614810447595652
Zone4,29.977208740282723,0.08169420677298042
Zone4,30.010035678360943,0.08772970059027815
Zone4,30.042862616439166,0.0942465299188855
Zone4,30.075689554517382,0.10122149433576887
Zone4,30.108516492595605,0.1086169695828941
Zone4,30.141343430673825,0.11638288941132943
Zone4,30.174170368752044,0.12445995591719013
Zone4,30.206997306830264,0.1327838858219981
Zone4,30.239824244908483,0.14129033396462745
Zone4,30.272651182986703,0.14991999742976803
Zone4,30.305478121064922,0.1586233286534756
Zone4,30.338305059143142,0.16736429829925503
Zone4,30.37113199722136,0.17612275645421502
Zone4,30.40395893529958,0.18489513095043528
Zone4,30.4367858733778,0.19369344216957063
Zone4,30.46961281145602,0.20254285872469405
Zone4,30.50243974953424,0.211478217910798
Zone4,30.53526668761246,0.22054004585799264
Zone4,30.56809362569068,0.22977061004164612
Zone4,30.600920563768902,0.23921042232524045
Zone4,30.633747501847118,0.2488954135688271
Zone4,30.66657443992534,0.25885477416150326
Zone4,30.699401378003557,0.26910926325514467
Zone4,30.73222831608178,0.27966969185760265
Zone4,30.76505525416,0.2905353162884965
Zone4,30.79788219223822,0.30169203646704423
Zone4,30.83070913031644,0.3131105346017853
Zone4,30.86353606839466,0.324744738091873
Zone4,30.89636300647288,0.33653115746361134
Zone4,30.929189944551098,0.3483896619632373
Zone4,30.962016882629317,0.36022607794509687
Zone4,30.994843820707537,0.371936650241353
Zone4,31.027670758785757,0.38341397197399646
Zone4,31.060497696863976,0.39455357964663124
Zone4,31.093324634942196,0.40526015022395717
Zone4,31.126151573020415,0.4154522172994014
Zone4,31.15897851109864,0.4250645751971789
Zone4,31.191805449176854,0.43404801809806925
Zone4,31.224632387255078,0.44236665315718765
Zone4,31.257459325333294,0.4499935801565206
Zone4,31.290286263411517,0.45690609679024397
Zone4,31.323113201489736,0.463081665835386
Zone4,31.355940139567956,0.4684956427440543
Zone4,31.388767077646175,0.47312126942726607
Zone4,31.421594015724395,0.47693182078227464
Zone4,31.454420953802614,0.47990420601499123
Zone4,31.487247891880834,0.4820229261890422
Zone4,31.520074829959054,0.4832831704250577
Zone4,31.552901768037273,0.483692019018356
Zone4,31.585728706115493,0.4832671598688253
Zone4,31.618555644193712,0.48203310536269584
Zone4,31.651382582271932,0.48001548475052314
Zone4,31.68420952035015,0.4772344546140313
Zone4,31.71703645842837,0.47369852471244284
Zone4,31.74986339650659,0.46940009581173925
Zone4,31.782690334584814,0.46431375935298713
Zone4,31.81551727266303,0.4583979688104195
Zone4,31.848344210741253,0.4516001413693468
Zone4,31.881171148819472,0.44386468141417346
Zone4,31.913998086897692,0.4351429276790538
Zone4,31.94682502497591,0.42540369214503293
Zone4,31.97965196305413,0.4146429333303435
Zone4,32.01247890113235,0.4028912081549309
Zone4,32.04530583921057,0.3902178561850027
Zone4,32.078132777288786,0.37673133349198284
Zone4,32.11095971536701,0.3625756498080219
Zone4,32.14378665344523,0.34792337987879074
Zone4,32.17661359152345,0.332966132630069
Zone4,32.20944052960167,0.3179036091838092
Zone4,32.24226746767989,0.3029324384658868
Zone4,32.27509440575811,0.28823586200467327
Zone4,32.30792134383633,0.2739750947528838
Zone4,32.34074828191455,0.2602828813929955
Zone4,32.373575219992766,0.24725946270335442
Zone4,32.40640215807099,0.23497091376987217
Zone4,32.439229096149205,0.22344964015459007
Zone4,32.47205603422743,0.2126967193436003
Zone4,32.504882972305644,0.2026857341591622
Zone4,32.53770991038387,0.19336773602274082
Zone4,32.57053684846208,0.18467697597560848
Zone4,32.60336378654031,0.176537037689538
Zone4,32.63619072461853,0.16886699916039805
Zone4,32.669017662696746,0.16158724742411817
Zone4,32.70184460077496,0.1546245858357174
Zone4,32.734671538853185,0.14791631593550134
Zone4,32.76749847693141,0.1414130489839752
Zone4,32.800325415009624,0.13508010198885814
Zone4,32.83315235308785,0.1288974502055737
Zone4,32.86597929116606,0.1228583309600582
Zone4,32.898806229244286,0.11696671063680854
Zone4,32.9316331673225,0.11123392759839172
Zone4,32.964460105400725,0.10567489979410091
Zone4,32.99728704347894,0.10030432874469733
Zone4,33.030113981557164,0.0951333339147054
Zone4,33.06294091963538,0.09016690729089821
Zone4,33.095767857713604,0.08540248523360836
Zone4,33.12859479579182,0.08082979789102988
Zone4,33.16142173387004,0.07643198872645483
Zone4,33.19424867194826,0.07218781959403318
Zone4,33.22707561002648,0.06807461780890675
Zone4,33.259902548104705,0.06407150915128126
Zone4,33.29272948618292,0.060162437542350226
Zone4,33.32555642426114,0.056338509483487086
Zone4,33.35838336233936,0.052599315097885915
Zone4,33.39121030041758,0.04895304790659972
Zone4,33.4240372384958,0.04541544048179436
Zone4,33.45686417657402,0.042007716007592955
Zone4,33.48969111465224,0.038753893141005705
Zone4,33.52251805273046,0.035677851083081316
Zone4,33.55534499080868,0.03280055689543604
Zone4,33.5881719288869,0.030137787489876684
Zone4,33.62099886696512,0.02769856643416685
Zone4,33.65382580504334,0.02548440844977023
Zone4,33.686652743121556,0.02348934804649217
Zone4,33.71947968119978,0.021700641108374243
Zone4,33.752306619277995,0.0200999767098391
Zone4,33.78513355735622,0.01866501840320871
Zone4,33.817960495434434,0.01737110072813145
Zone4,33.85078743351266,0.016192927075378276
Zone4,33.88361437159088,0.015106140798141645
Zone4,33.916441309669096,0.01408866821726611
Zone4,33.94926824774732,0.013121759295351188
Zone4,33.982095185825536,0.01219068046130963
Zone4,34.01492212390376,0.01128504502205883
Zone4,34.047749061981975,0.01039879836007539
Zone4,34.0805760000602,0.009529903990729942
Zone4,34.113402938138414,0.008679797832653355
Zone4,34.14622987621664,0.007852687946447987
Zone4,34.17905681429485,0.0070547743888217185
Zone4,34.211883752373076,0.006293450953643088
Zone4,34.24471069045129,0.005576532470593823
Zone4,34.277537628529515,0.004911534194349911
Zone4,34.31036456660773,0.004305018884467504
Zone4,34.343191504685954,0.0037620249809327045
Zone4,34.37601844276418,0.0032855948288877594
Zone4,34.40884538084239,0.0028764310660457713
Zone4,34.44167231892061,0.002532716223746989
Zone4,34.47449925699883,0.0022501297681511347
Zone4,34.507326195077056,0.0020220848889030037
Zone4,34.54015313315527,0.0018401844371112271
Zone4,34.572980071233495,0.0016948652614332017
Zone4,34.60580700931171,0.0015761692547979491
Zone4,34.638633947389934,0.001474555165248555
Zone4,34.67146088546815,0.0013816540456329392
Zone4,34.70428782354637,0.001290876671013068
Zone4,34.73711476162459,0.0011978030119754062
Zone4,34.76994169970281,0.001100317724179194
Zone4,34.80276863778103,0.000998494589834331
Zone4,34.83559557585925,0.0008942688757917393
Zone4,34.868422513937475,0.0007909625761033291
Zone4,34.90124945201569,0.0006927390701889721
Zone4,34.93407639009391,0.000604060042680849
Zone4,34.96690332817213,0.0005292013459792467
Zone4,34.99973026625035,0.00047186124872296373
Zone4,35.03255720432857,0.00043487070002427874
Zone4,35.065384142406785,0.0004199967166394937
Zone4,35.09821108048501,0.0004278205596168676
Zone4,35.13103801856323,0.00045767290412171023
Zone4,35.16386495664145,0.0005076166895112087
Zone4,35.19669189471967,0.0005744805297443562
Zone4,35.229518832797886,0.0006539562903139015
Zone4,35.26234577087611,0.0007407790590614501
Zone4,35.295172708954325,0.0008290034751534122
Zone4,35.32799964703255,0.0009123771402763428
Zone4,35.360826585110765,0.0009847923266108464
Zone4,35.39365352318899,0.0010407762767179246
Zone4,35.426480461267204,0.0010759638057031178
Zone4,35.45930739934543,0.0010874887341759116
