zone,feature_a,feature_b,a_bin,b_bin,n,a_lower,a_upper,b_lower,b_upper
Zone2,GCORE_Pct,BCORE_Pct,0,0,8,0.0,4.438824912451354,0.0,2.8629765361972908
Zone2,GCORE_Pct,BCORE_Pct,0,1,39,0.0,4.438824912451354,2.8629765361972908,19.81417127348741
Zone2,GCORE_Pct,BCORE_Pct,0,2,58,0.0,4.438824912451354,19.81417127348741,38.06174145019222
Zone2,GCORE_Pct,BCORE_Pct,0,3,81,0.0,4.438824912451354,38.06174145019222,52.75386248378346
Zone2,GCORE_Pct,BCORE_Pct,0,4,101,0.0,4.438824912451354,52.75386248378346,70.19163867048849
Zone2,GCORE_Pct,BCORE_Pct,0,5,120,0.0,4.438824912451354,70.19163867048849,94.24834789894487
Zone2,GCORE_Pct,BCORE_Pct,0,6,255,0.0,4.438824912451354,94.24834789894487,100.00000000000001
Zone2,GCORE_Pct,BCORE_Pct,1,0,13,4.438824912451354,16.137236206999294,0.0,2.8629765361972908
Zone2,GCORE_Pct,BCORE_Pct,1,1,35,4.438824912451354,16.137236206999294,2.8629765361972908,19.81417127348741
Zone2,GCORE_Pct,BCORE_Pct,1,2,32,4.438824912451354,16.137236206999294,19.81417127348741,38.06174145019222
Zone2,GCORE_Pct,BCORE_Pct,1,3,24,4.438824912451354,16.137236206999294,38.06174145019222,52.75386248378346
Zone2,GCORE_Pct,BCORE_Pct,1,4,18,4.438824912451354,16.137236206999294,52.75386248378346,70.19163867048849
Zone2,GCORE_Pct,BCORE_Pct,1,5,7,4.438824912451354,16.137236206999294,70.19163867048849,94.24834789894487
Zone2,GCORE_Pct,BCORE_Pct,1,6,3,4.438824912451354,16.137236206999294,94.24834789894487,100.00000000000001
Zone2,GCORE_Pct,BCORE_Pct,2,0,34,16.137236206999294,38.43447668470281,0.0,2.8629765361972908
Zone2,GCORE_Pct,BCORE_Pct,2,1,28,16.137236206999294,38.43447668470281,2.8629765361972908,19.81417127348741
Zone2,GCORE_Pct,BCORE_Pct,2,2,31,16.137236206999294,38.43447668470281,19.81417127348741,38.06174145019222
Zone2,GCORE_Pct,BCORE_Pct,2,3,17,16.137236206999294,38.43447668470281,38.06174145019222,52.75386248378346
Zone2,GCORE_Pct,BCORE_Pct,2,4,13,16.137236206999294,38.43447668470281,52.75386248378346,70.19163867048849
Zone2,GCORE_Pct,BCORE_Pct,2,5,3,16.137236206999294,38.43447668470281,70.19163867048849,94.24834789894487
Zone2,GCORE_Pct,BCORE_Pct,2,6,6,16.137236206999294,38.43447668470281,94.24834789894487,100.00000000000001
Zone2,GCORE_Pct,BCORE_Pct,3,0,78,38.43447668470281,100.00000000000001,0.0,2.8629765361972908
Zone2,GCORE_Pct,BCORE_Pct,3,1,30,38.43447668470281,100.00000000000001,2.8629765361972908,19.81417127348741
Zone2,GCORE_Pct,BCORE_Pct,3,2,11,38.43447668470281,100.00000000000001,19.81417127348741,38.06174145019222
Zone2,GCORE_Pct,BCORE_Pct,3,3,10,38.43447668470281,100.00000000000001,38.06174145019222,52.75386248378346
Zone2,GCORE_Pct,BCORE_Pct,3,4,1,38.43447668470281,100.00000000000001,52.75386248378346,70.19163867048849
Zone2,GCORE_Pct,BCORE_Pct,3,5,2,38.43447668470281,100.00000000000001,70.19163867048849,94.24834789894487
Zone2,GCORE_Pct,BCORE_Pct,3,6,1,38.43447668470281,100.00000000000001,94.24834789894487,100.00000000000001
