zone,zone_label,feature_a,feature_b,mean_rank,seeds_in_top_k,n_seeds,mean_abs_shap_interaction,figure_qualified,figure_screening_decision,conditional_curve_change_lower_B,conditional_curve_change_upper_B,difference_in_curve_change,observed_support_cells,support_cells_n_ge_20,support_cell_fraction_n_ge_20,n_grid_points,a_common_support_fraction_of_full_range,n_complete_observed_pairs,n_analytical,min_high_minus_low_prediction,max_high_minus_low_prediction,range_high_minus_low_prediction,a_full_min,a_full_max,a_full_range,b_lower_quartile_cut,b_upper_quartile_cut,n_lower_condition,n_upper_condition,a_grid_min,a_grid_max,a_common_support_lower,a_common_support_upper,a_common_support_range,criterion_common_range,criterion_joint_support,criterion_curve_resolution,same_mspa_composition,min_rank,max_rank,sd_abs_shap_interaction,stable_top_k,scientifically_eligible,screening_decision
Zone1,Compact,GISLET_Pct,BCORE_Pct,1.0,3,3,0.0372988847039765,True,qualified for conditional-response figure,0.2521579674275074,-0.45839070823092243,-0.7105486756584298,6.0,5.0,0.8333333333333334,5.0,1.0,646,646,0.9118174250249069,1.6223661006833368,0.7105486756584298,0.0,100.0,100.0,87.07597391317931,100.0,162.0,421.0,0.0,100.0,0.0,100.0,100.0,True,True,True,False,1,1,0.005739056951722575,True,True,eligible for conditional response analysis
Zone1,Compact,BuildHeight_Mean,BCORE_Pct,2.0,3,3,0.0238268416381571,False,<60% of occupied 2D support cells have n >= 20,-0.005436590896302107,0.12742831760621698,0.13286490850251909,21.0,11.0,0.5238095238095238,25.0,0.28616275221295584,646,646,1.1317530004237781,1.3411289654869734,0.20937596506319522,7.399479073691519,34.5376100376827,27.138130963991177,87.07597391317931,100.0,162.0,421.0,10.8002026094314,18.54716744624403,10.8002026094314,18.56612485600275,7.7659222465713516,True,False,True,False,2,2,0.002225283748320338,True,True,eligible for conditional response analysis
Zone1,Compact,G3_score,GISLET_Pct,3.0,3,3,0.0181503992350617,True,qualified for conditional-response figure,0.023087066025418324,0.20702666062437203,0.1839395945989537,8.0,8.0,1.0,25.0,0.14550333985414382,646,646,-0.5214328107107065,-0.3288656526447866,0.19256715806591984,0.0,0.9260321132790752,0.9260321132790752,0.0,41.56822117763483,430.0,162.0,0.2765680136226,0.4087175704948782,0.274332491423396,0.4090732567176923,0.1347407652942963,True,True,True,False,3,3,0.002464633447019147,True,True,eligible for conditional response analysis
Zone1,Compact,GISLET_Pct,BBRDG_Pct,5.0,2,3,0.014346918114876,False,The lower and upper BBRDG_Pct quartiles cannot define non-overlapping conditions.,,,,,,,,,646,646,,,,,,,,,,,,,,,,,,,False,4.0,6.0,0.0049903310119282,True,True,eligible for conditional response analysis
Zone2,Open mid-/high-rise,GCORE_Pct,BCORE_Pct,2.0,3,3,0.0314925688990592,False,two B conditions have <10% of A full range in common; <60% of occupied 2D support cells have n >= 20; fewer than five distinct A values in common-support curve,-0.2010847074235116,-0.2753955151843499,-0.07431080776083832,28.0,14.0,0.5,2.0,0.002802205536726065,1059,1059,1.8567682902316918,1.93107909799253,0.07431080776083832,0.0,100.0,100.0,19.81417127348741,94.24834789894487,265.0,265.0,0.0,0.2744739249771272,0.0,0.2802205536726065,0.2802205536726065,False,False,False,False,2,2,0.0034067710266954187,True,True,eligible for conditional response analysis
Zone2,Open mid-/high-rise,B2_score,BCORE_Pct,3.0,3,3,0.0249899903314158,False,two B conditions have <10% of A full range in common; <60% of occupied 2D support cells have n >= 20,6.08688261536372e-05,1.7391093187768547e-05,-4.3477732965868654e-05,50.0,21.0,0.42,25.0,0.0057573849759354374,1059,1059,2.2118504389932916,2.2118939167262575,4.3477732965868654e-05,0.0,0.9620713385807589,0.9620713385807589,19.81417127348741,94.24834789894487,265.0,265.0,0.4993404724876432,0.5036463842430899,0.49828302528620033,0.5038220403567233,0.005539015070522957,False,False,True,False,3,3,0.002497633820265613,True,True,eligible for conditional response analysis
Zone2,Open mid-/high-rise,CanopyHeight_Mean,GCORE_Pct,4.0,3,3,0.0187563163134446,False,<60% of occupied 2D support cells have n >= 20,-0.08305786525391312,-0.5857023172238165,-0.5026444519699034,12.0,6.0,0.5,7.0,0.3745955999374458,1059,1059,-2.125003259650118,-1.547082150102156,0.5779211095479617,0.0,1423.328015952144,1423.328015952144,0.0,16.137236206999294,573.0,265.0,0.0,531.1850746268668,0.0,533.1724120433678,533.1724120433678,True,False,True,False,4,4,0.00043232288245429747,True,True,eligible for conditional response analysis
Zone2,Open mid-/high-rise,GBRDG_Pct,BCORE_Pct,6.0,2,3,0.0126089531042235,False,Insufficient common observed GBRDG_Pct range between the two BCORE_Pct conditions.,,,,,,,,,1059,1059,,,,,,,,,,,,,,,,,,,False,5.0,8.0,0.0014977917314669,True,True,eligible for conditional response analysis
Zone3,Open low-rise,BuildHeight_Mean,BCORE_Pct,1.0,3,3,0.0155947804445068,False,<60% of occupied 2D support cells have n >= 20,0.4857789197968927,0.6151572109214953,0.12937829112460264,64.0,1.0,0.015625,25.0,0.7077721665086762,660,660,0.2469493742014066,0.4493348969392912,0.20238552273788457,6.80502540730979,10.99723814467584,4.1922127373660505,17.888602948280877,45.386280472762266,165.0,165.0,7.702756856594757,10.65787496397207,7.702064543031028,10.669196034621866,2.9671314915908376,True,False,True,False,1,1,0.002770574204893395,True,True,eligible for conditional response analysis
Zone3,Open low-rise,BuildHeight_Mean,BEDGE_Pct,2.333333333333333,3,3,0.0095356806685306,False,<60% of occupied 2D support cells have n >= 20,0.5257000901314939,0.4371509302036607,-0.08854915992783319,64.0,0.0,0.0,25.0,0.6834880893539682,660,660,-0.4348123427772208,-0.2135675170226392,0.2212448257545816,6.80502540730979,10.99723814467584,4.1922127373660505,14.62571387738186,36.10822361268739,165.0,165.0,7.618600729004251,10.47918166071427,7.614815009877738,10.480142483905428,2.8653274740276906,True,False,True,False,2,3,0.003573908144288644,True,True,eligible for conditional response analysis
Zone3,Open low-rise,BuildHeight_Mean,G3_score,4.0,3,3,0.008173081408711,False,<60% of occupied 2D support cells have n >= 20,0.4466340636772088,0.5549771879477241,0.10834312427051529,64.0,0.0,0.0,25.0,0.6962199976311195,660,660,-0.27165369816000506,-0.15999641524151542,0.11165728291848964,6.80502540730979,10.99723814467584,4.1922127373660505,0.299286517758947,0.4260929495091126,165.0,165.0,7.630184206668961,10.52948836708649,7.628513824161909,10.54721616624005,2.9187023420781406,True,False,True,False,3,5,0.0024230049694332024,True,True,eligible for conditional response analysis
Zone3,Open low-rise,BuildHeight_Mean,GISLET_Pct,6.333333333333333,2,3,0.0073890722219864,False,<60% of occupied 2D support cells have n >= 20,0.4780060118044709,0.5935625922428116,0.11555658043834072,48.0,9.0,0.1875,25.0,0.6851877751082942,660,660,0.21863567073196322,0.4537883651488315,0.23515269441686826,6.80502540730979,10.99723814467584,4.1922127373660505,0.0,15.795675803134207,238.0,165.0,7.665050438249494,10.52948836708649,7.659925469948652,10.532378388245148,2.8724529182964957,True,False,True,False,4,10,0.0029052843286532203,True,True,eligible for conditional response analysis
Zone4,Green-space-dominated,CanopyHeight_Mean,GCORE_Pct,1.0,3,3,0.026149988054402,False,fewer than five distinct A values in common-support curve,-0.5728255869590484,-1.265124135026607,-0.6922985480675585,8.0,8.0,1.0,2.0,0.1169089157360803,1710,1710,-0.9551339604685509,-0.2628354124009924,0.6922985480675585,0.0,1488.064676616916,1488.064676616916,26.011183820523172,66.64151196540115,428.0,428.0,0.0,156.4099502487562,0.0,173.9680278884446,173.9680278884446,True,True,False,False,1,1,0.002111550388553908,True,True,eligible for conditional response analysis
Zone4,Green-space-dominated,CanopyHeight_Mean,G3_score,2.333333333333333,3,3,0.0121576844283327,False,fewer than five distinct A values in common-support curve,-0.8487819917909256,-0.4997100894643012,0.34907190232662444,8.0,8.0,1.0,2.0,0.11581803118084781,1710,1710,-0.28390035333347186,0.06517154899315258,0.34907190232662444,0.0,1488.064676616916,1488.064676616916,0.3650279277741996,0.4556680734851377,428.0,432.0,0.0,156.4099502487562,0.0,172.34472111553617,172.34472111553617,True,True,False,False,2,3,0.0009448452051265604,True,True,eligible for conditional response analysis
Zone4,Green-space-dominated,CanopyHeight_Mean,GBRDG_Pct,2.6666666666666665,3,3,0.0119989132349372,False,fewer than five distinct A values in common-support curve,-1.1536566482546107,-0.5757117703060679,0.5779448779485428,6.0,6.0,1.0,2.0,0.13482787796593776,1710,1710,0.15851551188259805,0.7364603898311408,0.5779448779485428,0.0,1488.064676616916,1488.064676616916,0.0,40.02611999366788,581.0,428.0,0.0,199.0418326693228,0.0,200.63260262432817,200.63260262432817,True,True,False,False,2,3,0.0009036780386871557,True,True,eligible for conditional response analysis
Zone4,Green-space-dominated,BuildHeight_Mean,B2_score,4.0,3,3,0.0085942653911961,True,qualified for conditional-response figure,0.4507792062548539,0.1992871740629525,-0.2514920321919014,64.0,51.0,0.796875,25.0,0.5845855195604394,1640,1710,-0.3454355167433363,-0.09394348455143486,0.2514920321919014,6.055262373703002,10.99350585461818,4.938243480915178,0.7847402509512996,0.8982171253334802,428.0,428.0,7.359289364831926,10.24060209898887,7.356786622818533,10.243612253825285,2.8868256310067517,True,True,True,False,4,4,0.0009659968980575125,True,True,eligible for conditional response analysis
Zone4,Green-space-dominated,CanopyHeight_Mean,B3_score,5.333333333333333,2,3,0.0069001088392928,False,two B conditions have <10% of A full range in common; fewer than five distinct A values in common-support curve,-0.29752683711308947,-0.19229106372467442,0.10523577338841505,8.0,8.0,1.0,2.0,0.03768922680146802,1710,1710,-0.2415900583186854,-0.13635428493027035,0.10523577338841505,0.0,1488.064676616916,1488.064676616916,0.30312213020739814,0.4056590584966622,428.0,428.0,0.0,54.03781094527363,0.0,56.084007092268116,56.084007092268116,False,True,False,False,5,6,0.000287087484175146,True,True,eligible for conditional response analysis
