model,zone,zone_label,seed,Train_R2,Train_RMSE,Train_MAE,Test_R2,Test_RMSE,Test_MAE,Overfitting_Score
GBDT,Zone1,Compact,42,0.6011571111366887,0.6768292479755386,0.5245010798730584,0.4142668020250412,0.8424805012130421,0.6456438989843821,0.1868903091116475
GBDT,Zone1,Compact,142,0.6819768973574719,0.6429111681181354,0.4933479059671247,0.43004256808065355,0.6995274337044745,0.5584172779734702,0.25193432927681836
GBDT,Zone1,Compact,242,0.6706708576045889,0.6070255734610635,0.45898858978851287,0.4681210446619831,0.8253968074893232,0.654757684601845,0.20254981294260577
GBDT,Zone2,Open mid-/high-rise,42,0.6772868134929555,0.7777869208862167,0.6251346771867113,0.5194685781778352,0.8796765801011136,0.6835395368567503,0.1578182353151203
GBDT,Zone2,Open mid-/high-rise,142,0.6951828026319897,0.7420380657592112,0.5914615760386036,0.47471390052937135,0.9647800623209443,0.7707742545849835,0.22046890210261838
GBDT,Zone2,Open mid-/high-rise,242,0.6957664441070086,0.749617735641422,0.6060538726294413,0.4401993163603969,0.9690139724569273,0.7530636598355125,0.2555671277466117
GBDT,Zone3,Open low-rise,42,0.6834790614113678,0.5202630549421118,0.41330035142811045,0.1966471552326663,0.8381430550002497,0.6557417746939203,0.48683190617870153
GBDT,Zone3,Open low-rise,142,0.46828444276550973,0.6635076238967502,0.5315457954659307,0.13930479522535688,0.8946879174225554,0.6758557611631301,0.32897964754015285
GBDT,Zone3,Open low-rise,242,0.4491345639959887,0.6848421766719415,0.5422936128209982,0.19424115905713357,0.8395286300674066,0.6552310697699457,0.25489340493885515
GBDT,Zone4,Green-space-dominated,42,0.4939346604424185,0.6824153613305741,0.5404198814841208,0.2949958539045787,0.7839699404103022,0.6064360835406315,0.1989388065378398
GBDT,Zone4,Green-space-dominated,142,0.5012041185616619,0.6743026670057041,0.5408477840866243,0.2369193937468046,0.824499635142723,0.6230503336940743,0.2642847248148573
GBDT,Zone4,Green-space-dominated,242,0.47744141748513025,0.6911042793385392,0.5466286661675902,0.3155579811277466,0.7792733974157615,0.600859090434728,0.16188343635738367
