feature,class4,n_valid,mean_raw,pooled_mean,pooled_sd,z_mean
BuildHeight_Mean,1,646,16.308298082559695,11.846946215550942,4.800957380164798,0.9292629602255733
BuildHeight_Mean,2,1059,16.076532646270092,11.846946215550942,4.800957380164798,0.880988122951003
BuildHeight_Mean,3,660,9.051910559978394,11.846946215550942,4.800957380164798,-0.5821829760706198
BuildHeight_Mean,4,1640,8.483262189001334,11.846946215550942,4.800957380164798,-0.7006277623806246
CanopyHeight_Mean,1,646,20.236406969178404,48.1950773397345,165.98232253374135,-0.16844366281760265
CanopyHeight_Mean,2,1059,82.42208780176556,48.1950773397345,165.98232253374135,0.20620876934092358
CanopyHeight_Mean,3,660,43.04284289158078,48.1950773397345,165.98232253374135,-0.03104086248164385
CanopyHeight_Mean,4,1710,39.54909588702678,48.1950773397345,165.98232253374135,-0.05208977269823504
GCORE_Pct,1,646,1.1804387526561217,25.205438019781248,29.601354439627876,-0.8116182425410379
GCORE_Pct,2,1059,12.143438217003837,25.205438019781248,29.601354439627876,-0.4412635857395455
GCORE_Pct,3,660,10.526931907550752,25.205438019781248,29.601354439627876,-0.495872786570202
GCORE_Pct,4,1710,48.03621074011822,25.205438019781248,29.601354439627876,0.7712745971438726
GEDGE_Pct,1,646,4.522988386038879,15.686358942235653,16.0611016436372,-0.6950563419551783
GEDGE_Pct,2,1059,12.65389254042576,15.686358942235653,16.0611016436372,-0.18880811971022182
GEDGE_Pct,3,660,20.559179527625968,15.686358942235653,16.0611016436372,0.3033926746438804
GEDGE_Pct,4,1710,19.900895616190144,15.686358942235653,16.0611016436372,0.26240645053287054
GBRDG_Pct,1,646,4.973343684234607,17.64449783642459,25.100419302997594,-0.5048184255103956
GBRDG_Pct,2,1059,14.222640221604928,17.64449783642459,25.100419302997594,-0.13632671125979998
GBRDG_Pct,3,660,24.508292372084334,17.64449783642459,25.100419302997594,0.2734533815074571
GBRDG_Pct,4,1710,21.901344855648762,17.64449783642459,25.100419302997594,0.16959266567773237
GISLET_Pct,1,646,25.101680765144774,14.718694988979921,32.465089255025006,0.319820028665338
GISLET_Pct,2,1059,30.485011770973024,14.718694988979921,32.465089255025006,0.48563910168683005
GISLET_Pct,3,660,16.351706456240137,14.718694988979921,32.465089255025006,0.05030053835467141
GISLET_Pct,4,1710,0.40189624516417183,14.718694988979921,32.465089255025006,-0.44099058626797916
BCORE_Pct,1,646,88.42685171581297,36.27608667989982,37.551981624994475,1.3887619981471704
BCORE_Pct,2,1059,53.494257315471415,36.27608667989982,37.551981624994475,0.4585156332764937
BCORE_Pct,3,660,33.56632921696845,36.27608667989982,37.551981624994475,-0.07216017226445823
BCORE_Pct,4,1710,6.957374989411209,36.27608667989982,37.551981624994475,-0.7807500542387935
BEDGE_Pct,1,646,5.382298346458636,19.735330875857148,19.826010272735413,-0.7239496162844573
BEDGE_Pct,2,1059,15.904570611709964,19.735330875857148,19.826010272735413,-0.19321891855444148
BEDGE_Pct,3,660,25.56493808686604,19.735330875857148,19.826010272735413,0.2940383431065667
BEDGE_Pct,4,1710,25.279946884311794,19.735330875857148,19.826010272735413,0.2796637312389353
BBRDG_Pct,1,646,2.9815070050853363,13.11181125738598,22.247142636591615,-0.4553530499525157
BBRDG_Pct,2,1059,12.925953128161174,13.11181125738598,22.247142636591615,-0.008354247206520405
BBRDG_Pct,3,660,25.7248413494246,13.11181125738598,22.247142636591615,0.5669505652062025
BBRDG_Pct,4,1710,12.185729646327383,13.11181125738598,22.247142636591615,-0.04162699121348728
BISLET_Pct,1,646,0.3934326642365069,12.310432069662678,26.865735159309775,-0.44357615136009326
BISLET_Pct,2,1059,5.063288884825308,12.310432069662678,26.865735159309775,-0.26975413633250306
BISLET_Pct,3,660,1.322808230587814,12.310432069662678,26.865735159309775,-0.40898280928922676
BISLET_Pct,4,1710,25.54138995412904,12.310432069662678,26.865735159309775,0.49248449022551477
