zone,model,feature,quantile,value,n,source_id
Zone1,gbdt,BCORE_Pct,0.1,52.590183845297844,646,Zone1_gbdt
Zone1,gbdt,BCORE_Pct,0.2,78.45344555497107,646,Zone1_gbdt
Zone1,gbdt,BCORE_Pct,0.3,95.50510039274027,646,Zone1_gbdt
Zone1,gbdt,BCORE_Pct,0.4,100,646,Zone1_gbdt
Zone1,gbdt,BCORE_Pct,0.5,100,646,Zone1_gbdt
Zone1,gbdt,BCORE_Pct,0.6,100,646,Zone1_gbdt
Zone1,gbdt,BCORE_Pct,0.7,100,646,Zone1_gbdt
Zone1,gbdt,BCORE_Pct,0.8,100,646,Zone1_gbdt
Zone1,gbdt,BCORE_Pct,0.9,100,646,Zone1_gbdt
Zone1,gbdt,BEDGE_Pct,0.1,0,646,Zone1_gbdt
Zone1,gbdt,BEDGE_Pct,0.2,0,646,Zone1_gbdt
Zone1,gbdt,BEDGE_Pct,0.3,0,646,Zone1_gbdt
Zone1,gbdt,BEDGE_Pct,0.4,0,646,Zone1_gbdt
Zone1,gbdt,BEDGE_Pct,0.5,0,646,Zone1_gbdt
Zone1,gbdt,BEDGE_Pct,0.6,0,646,Zone1_gbdt
Zone1,gbdt,BEDGE_Pct,0.7,1.6392671595563983,646,Zone1_gbdt
Zone1,gbdt,BEDGE_Pct,0.8,10.74036625098304,646,Zone1_gbdt
Zone1,gbdt,BEDGE_Pct,0.9,21.227513319369812,646,Zone1_gbdt
Zone1,gbdt,BuildHeight_Mean,0.1,9.790620548920316,646,Zone1_gbdt
Zone1,gbdt,BuildHeight_Mean,0.2,11.57368298267872,646,Zone1_gbdt
Zone1,gbdt,BuildHeight_Mean,0.3,13.287021509868566,646,Zone1_gbdt
Zone1,gbdt,BuildHeight_Mean,0.4,15.01808358394385,646,Zone1_gbdt
Zone1,gbdt,BuildHeight_Mean,0.5,16.432590212734745,646,Zone1_gbdt
Zone1,gbdt,BuildHeight_Mean,0.6,17.99474611666268,646,Zone1_gbdt
Zone1,gbdt,BuildHeight_Mean,0.7,19.202097447616396,646,Zone1_gbdt
Zone1,gbdt,BuildHeight_Mean,0.8,20.47894008042146,646,Zone1_gbdt
Zone1,gbdt,BuildHeight_Mean,0.9,22.01480822545352,646,Zone1_gbdt
Zone2,gbdt,BCORE_Pct,0.1,0.8176520049870978,1059,Zone2_gbdt
Zone2,gbdt,BCORE_Pct,0.2,12.562394267542075,1059,Zone2_gbdt
Zone2,gbdt,BCORE_Pct,0.3,27.33237870619946,1059,Zone2_gbdt
Zone2,gbdt,BCORE_Pct,0.4,41.05289076446409,1059,Zone2_gbdt
Zone2,gbdt,BCORE_Pct,0.5,52.75386248378346,1059,Zone2_gbdt
Zone2,gbdt,BCORE_Pct,0.6,66.9402659478897,1059,Zone2_gbdt
Zone2,gbdt,BCORE_Pct,0.7,84.1831598384743,1059,Zone2_gbdt
Zone2,gbdt,BCORE_Pct,0.8,100,1059,Zone2_gbdt
Zone2,gbdt,BCORE_Pct,0.9,100,1059,Zone2_gbdt
Zone2,gbdt,GCORE_Pct,0.1,0,1059,Zone2_gbdt
Zone2,gbdt,GCORE_Pct,0.2,0,1059,Zone2_gbdt
Zone2,gbdt,GCORE_Pct,0.3,0,1059,Zone2_gbdt
Zone2,gbdt,GCORE_Pct,0.4,0,1059,Zone2_gbdt
Zone2,gbdt,GCORE_Pct,0.5,0,1059,Zone2_gbdt
Zone2,gbdt,GCORE_Pct,0.6,2.404074986430625,1059,Zone2_gbdt
Zone2,gbdt,GCORE_Pct,0.7,9.820855726367533,1059,Zone2_gbdt
Zone2,gbdt,GCORE_Pct,0.8,23.893992130216542,1059,Zone2_gbdt
Zone2,gbdt,GCORE_Pct,0.9,43.913813701142395,1059,Zone2_gbdt
Zone2,gbdt,BEDGE_Pct,0.1,0,1059,Zone2_gbdt
Zone2,gbdt,BEDGE_Pct,0.2,0,1059,Zone2_gbdt
Zone2,gbdt,BEDGE_Pct,0.3,1.7532357361314452,1059,Zone2_gbdt
Zone2,gbdt,BEDGE_Pct,0.4,7.702857458596173,1059,Zone2_gbdt
Zone2,gbdt,BEDGE_Pct,0.5,13.10277642474428,1059,Zone2_gbdt
Zone2,gbdt,BEDGE_Pct,0.6,17.6263910612335,1059,Zone2_gbdt
Zone2,gbdt,BEDGE_Pct,0.7,22.42737520798989,1059,Zone2_gbdt
Zone2,gbdt,BEDGE_Pct,0.8,29.44451296218645,1059,Zone2_gbdt
Zone2,gbdt,BEDGE_Pct,0.9,38.46196219590841,1059,Zone2_gbdt
Zone3,gbdt,BuildHeight_Mean,0.1,7.816606670711908,660,Zone3_gbdt
Zone3,gbdt,BuildHeight_Mean,0.2,8.126602405292267,660,Zone3_gbdt
Zone3,gbdt,BuildHeight_Mean,0.3,8.429121068930144,660,Zone3_gbdt
Zone3,gbdt,BuildHeight_Mean,0.4,8.721767902033983,660,Zone3_gbdt
Zone3,gbdt,BuildHeight_Mean,0.5,8.972151870039369,660,Zone3_gbdt
Zone3,gbdt,BuildHeight_Mean,0.6,9.281950274156014,660,Zone3_gbdt
Zone3,gbdt,BuildHeight_Mean,0.7,9.57994872591061,660,Zone3_gbdt
Zone3,gbdt,BuildHeight_Mean,0.8,9.972521880747514,660,Zone3_gbdt
Zone3,gbdt,BuildHeight_Mean,0.9,10.4355630785271,660,Zone3_gbdt
Zone3,gbdt,BCORE_Pct,0.1,8.687130260795515,660,Zone3_gbdt
Zone3,gbdt,BCORE_Pct,0.2,15.322677667617201,660,Zone3_gbdt
Zone3,gbdt,BCORE_Pct,0.3,20.931356471764573,660,Zone3_gbdt
Zone3,gbdt,BCORE_Pct,0.4,25.15428556685234,660,Zone3_gbdt
Zone3,gbdt,BCORE_Pct,0.5,29.394831565462226,660,Zone3_gbdt
Zone3,gbdt,BCORE_Pct,0.6,35.71245830761727,660,Zone3_gbdt
Zone3,gbdt,BCORE_Pct,0.7,42.285007843571066,660,Zone3_gbdt
Zone3,gbdt,BCORE_Pct,0.8,49.43623144763459,660,Zone3_gbdt
Zone3,gbdt,BCORE_Pct,0.9,61.90892481329126,660,Zone3_gbdt
Zone3,gbdt,GISLET_Pct,0.1,0,660,Zone3_gbdt
Zone3,gbdt,GISLET_Pct,0.2,0,660,Zone3_gbdt
Zone3,gbdt,GISLET_Pct,0.3,0,660,Zone3_gbdt
Zone3,gbdt,GISLET_Pct,0.4,0.3354758094764621,660,Zone3_gbdt
Zone3,gbdt,GISLET_Pct,0.5,1.3561512553735593,660,Zone3_gbdt
Zone3,gbdt,GISLET_Pct,0.6,4.097705191942387,660,Zone3_gbdt
Zone3,gbdt,GISLET_Pct,0.7,10.406862830395516,660,Zone3_gbdt
Zone3,gbdt,GISLET_Pct,0.8,24.06950100121337,660,Zone3_gbdt
Zone3,gbdt,GISLET_Pct,0.9,70.70765281527667,660,Zone3_gbdt
Zone4,gbdt,CanopyHeight_Mean,0.1,0,1710,Zone4_gbdt
Zone4,gbdt,CanopyHeight_Mean,0.2,0,1710,Zone4_gbdt
Zone4,gbdt,CanopyHeight_Mean,0.3,0,1710,Zone4_gbdt
Zone4,gbdt,CanopyHeight_Mean,0.4,0,1710,Zone4_gbdt
Zone4,gbdt,CanopyHeight_Mean,0.5,0,1710,Zone4_gbdt
Zone4,gbdt,CanopyHeight_Mean,0.6,0,1710,Zone4_gbdt
Zone4,gbdt,CanopyHeight_Mean,0.7,0,1710,Zone4_gbdt
Zone4,gbdt,CanopyHeight_Mean,0.8,0,1710,Zone4_gbdt
Zone4,gbdt,CanopyHeight_Mean,0.9,0,1710,Zone4_gbdt
Zone4,gbdt,BuildHeight_Mean,0.1,7.305638276355744,1710,Zone4_gbdt
Zone4,gbdt,BuildHeight_Mean,0.2,7.620462823309389,1710,Zone4_gbdt
Zone4,gbdt,BuildHeight_Mean,0.3,7.854007491950142,1710,Zone4_gbdt
Zone4,gbdt,BuildHeight_Mean,0.4,8.018431699218876,1710,Zone4_gbdt
Zone4,gbdt,BuildHeight_Mean,0.5,8.25162308474097,1710,Zone4_gbdt
Zone4,gbdt,BuildHeight_Mean,0.6,8.497468682639775,1710,Zone4_gbdt
Zone4,gbdt,BuildHeight_Mean,0.7,8.776367473119121,1710,Zone4_gbdt
Zone4,gbdt,BuildHeight_Mean,0.8,9.201441158060783,1710,Zone4_gbdt
Zone4,gbdt,BuildHeight_Mean,0.9,9.913285401268496,1710,Zone4_gbdt
Zone4,gbdt,BBRDG_Pct,0.1,0,1710,Zone4_gbdt
Zone4,gbdt,BBRDG_Pct,0.2,0,1710,Zone4_gbdt
Zone4,gbdt,BBRDG_Pct,0.3,0,1710,Zone4_gbdt
Zone4,gbdt,BBRDG_Pct,0.4,0,1710,Zone4_gbdt
Zone4,gbdt,BBRDG_Pct,0.5,0,1710,Zone4_gbdt
Zone4,gbdt,BBRDG_Pct,0.6,0,1710,Zone4_gbdt
Zone4,gbdt,BBRDG_Pct,0.7,6.290836012230685,1710,Zone4_gbdt
Zone4,gbdt,BBRDG_Pct,0.8,25.03772860949798,1710,Zone4_gbdt
Zone4,gbdt,BBRDG_Pct,0.9,48.90994644572695,1710,Zone4_gbdt
